IP,Time,Processor Time,Page Faults,Cache Faults,Available Bytes,Committed Bytes,Response Time
URMILA-PC,11:46:12,8.278045,9502.387,50.937748,3.57215027E9,6.7425116E9,37039506300
mahananda,11:46:23,1.285627,101.8046,1.197701,9.7349222E8,5.0528256E9,51302774000
mahananda,11:47:13,1.285627,101.8046,1.197701,9.7349222E8,5.0528256E9,20091961100
URMILA-PC,11:48:02,13.382779,21421.016,441.4747,3.4028544E9,6.8963738E9,21542777600
DESKTOP-Q00J1OI,11:48:02,27.326405,1521.4935,201.80229,7.9598797E8,9.377026E9,75912344200
DESKTOP-Q00J1OI,11:48:24,24.87959,1288.098,253.55003,7.8266778E8,9.381974E9,20081312500
mahananda,11:48:24,1.285627,101.8046,1.197701,9.7349222E8,5.0528256E9,20198841200
URMILA-PC,11:49:32,2.166831,4922.81,6.396375,3.48053914E9,6.7595346E9,20050648000
DESKTOP-Q00J1OI,11:49:28,35.18849,3248.7803,182.27151,7.5347968E8,9.4233068E9,20799767100
URMILA-PC,11:50:32,1.772477,3872.61,13.797898,3.4937815E9,6.7399557E9,20035230500
mahananda,11:50:26,1.285627,101.8046,1.197701,9.7349222E8,5.0528256E9,20276395700
DESKTOP-Q00J1OI,11:51:24,40.084408,22836.236,2412.5503,9.5809536E8,8.9918751E9,20002043900
mahananda,11:51:26,1.285627,101.8046,1.197701,9.7349222E8,5.0528256E9,20062546100
URMILA-PC,11:52:32,2.442804,4652.16,3.797519,3.54338406E9,6.6863555E9,20042351600
DESKTOP-Q00J1OI,11:52:28,10.634739,2926.6423,45.39445,9.8014822E8,9.0145423E9,20932979000
mahananda,11:52:57,1.285627,101.8046,1.197701,9.7349222E8,5.0528256E9,20037724000
URMILA-PC,11:53:02,5.960966,5601.8086,11.792019,3.50568038E9,6.7245466E9,20044860400
mahananda,11:54:38,1.285627,101.8046,1.197701,9.7349222E8,5.0528256E9,20054350000
DESKTOP-Q00J1OI,11:54:44,0.63589,1096.4663,0.0,9.1501773E8,9.049387E9,21541176500
URMILA-PC,11:37:25,5.0181,7236.845,613.8306,4.5754819E9,4.9080812E9,20650678300
mahananda,11:37:25,0.288201,101.504074,0.0,1.34424576E9,4.23650099E9,22419422700
DESKTOP-Q00J1OI,11:37:49,2.978716,3774.58,101.5887,1.12765747E9,1.15409551E10,20030859900
URMILA-PC,11:42:35,5.138005,5924.187,281.219,4.18159411E9,5.3379031E9,11589721500
mahananda,11:42:29,8.77075,1683.5497,3.995609,1.29946419E9,4.4441682E9,11587059100
DESKTOP-Q00J1OI,11:42:30,35.883293,2477.0273,4.188548,1.15768525E9,1.20464507E10,11587190900
URMILA-PC,11:42:30,5.138005,5924.187,281.219,4.18159411E9,5.3379031E9,11558801800
DESKTOP-Q00J1OI,11:42:30,35.883293,2477.0273,4.188548,1.15768525E9,1.20464507E10,11556530100
mahananda,11:42:29,8.77075,1683.5497,3.995609,1.29946419E9,4.4441682E9,11740723600
mahananda,11:42:49,2.111771,111.50083,13.587915,1.28766362E9,4.4435784E9,8397391700
URMILA-PC,11:42:55,2.845841,4457.5757,224.63751,4.16258048E9,5.3510185E9,8395893300
DESKTOP-Q00J1OI,11:43:20,5.297362,993.28735,23.72565,1.2231639E9,1.19778345E10,20612215700
URMILA-PC,11:45:15,2.679405,8228.339,259.43414,4.12391834E9,5.3362934E9,2581549100
mahananda,11:45:10,8.687026,2223.3254,8.391415,1.26004429E9,4.4656886E9,2583474600
mahananda,11:45:51,3.602336,369.86646,16.585045,1.25740237E9,4.4669747E9,13566806400
DESKTOP-Q00J1OI,11:45:46,20.346878,1590.3345,0.199515,1.08006195E9,1.21015091E10,13590011800
URMILA-PC,11:46:15,1.293013,4313.08,3.395811,4.27941888E9,5.3008753E9,2719161100
DESKTOP-Q00J1OI,11:46:17,19.237864,946.70496,0.199181,1.21734349E9,1.21244099E10,1962372700
URMILA-PC,11:46:25,1.412828,4390.041,16.380005,4.28104499E9,5.3012603E9,1060754000
mahananda,11:46:21,5.386503,1120.4746,25.578875,1.25017702E9,4.4697641E9,1946017100
DESKTOP-Q00J1OI,11:46:27,30.314798,4320.2163,4.389044,1.02045696E9,1.23329413E10,6097650000
mahananda,11:46:31,4.272676,1148.419,4.593676,1.2453929E9,4.47454E9,6097864500
URMILA-PC,11:46:25,1.412828,4390.041,16.380005,4.28104499E9,5.3012603E9,6098351000
mahananda,11:47:02,20.886951,4106.0854,141.21036,1.2217385E9,4.4945285E9,20454568300
DESKTOP-Q00J1OI,11:46:57,33.964756,2108.6577,13.357291,1.1179049E9,1.22257613E10,20679436900
DESKTOP-Q00J1OI,11:47:08,20.78822,4043.8616,88.01851,1.10453146E9,1.22514432E10,5547038700
URMILA-PC,11:47:15,3.465576,4551.5176,8.194091,4.2502185E9,5.367681E9,5922470600
mahananda,11:47:52,4.193412,223.29128,0.0,1.32504781E9,4.4871844E9,32462488700
mahananda,11:48:43,29.160814,4305.767,270.4211,1.2781609E9,4.5357957E9,732707300
URMILA-PC,11:48:45,1.90104,5157.517,4.197328,4.2861568E9,5.3695898E9,1904125300
URMILA-PC,11:48:45,1.90104,5157.517,4.197328,4.2861568E9,5.3695898E9,1662533500
DESKTOP-Q00J1OI,11:48:51,33.00552,15469.1455,87.956474,1.11233843E9,1.21687941E10,12570470200
mahananda,11:48:53,19.00646,2089.8696,39.951626,1.28469402E9,4.539646E9,12470134700
DESKTOP-Q00J1OI,11:48:51,33.00552,15469.1455,87.956474,1.11233843E9,1.21687941E10,12467849600
URMILA-PC,11:49:05,7.771891,11612.105,145.68088,4.24984576E9,5.4262661E9,10583022900
mahananda,11:49:13,27.339039,4275.02,265.40393,1.28527974E9,4.5353329E9,8715556300
DESKTOP-Q00J1OI,11:49:11,33.909996,2836.8386,13.367198,1.11130214E9,1.2172116E10,9126479200
URMILA-PC,11:49:15,10.037023,16160.917,529.9218,4.28210995E9,5.3668577E9,8681032000
DESKTOP-Q00J1OI,11:49:22,39.08828,16562.758,191.24298,1.00169728E9,1.22992026E10,5975470400
mahananda,11:49:43,18.774996,4273.5938,134.3044,1.29773978E9,4.5128253E9,751820400
URMILA-PC,11:49:45,1.624703,4401.751,7.595084,4.2976502E9,5.3800837E9,832052700
DESKTOP-Q00J1OI,11:49:52,40.96828,4161.751,86.24977,1.10429389E9,1.21975316E10,783664300
mahananda,11:49:53,7.408992,558.93005,1.198135,1.30793472E9,4.4980347E9,2474138600
URMILA-PC,11:49:55,7.711621,12635.603,366.3739,4.26943693E9,5.4450995E9,2472711300
DESKTOP-Q00J1OI,11:50:43,35.265892,4466.0303,2.195787,1.08729958E9,1.22224026E10,40787132300
mahananda,11:51:35,3.444345,1123.6095,13.188374,1.27002624E9,4.5400474E9,51373452600
URMILA-PC,11:52:45,9.805823,13626.491,38.167206,4.21462016E9,5.4936863E9,43522938100
DESKTOP-Q00J1OI,11:52:54,26.759657,1555.2544,1.597385,1.12992256E9,1.24966953E10,28832182700
mahananda,11:53:26,14.033856,1359.322,25.161537,1.13650483E9,4.8009585E9,20448178200
URMILA-PC,11:53:45,1.830032,4542.8525,7.194698,4.3274076E9,5.3579244E9,6245477500
DESKTOP-Q00J1OI,11:53:46,36.48732,4240.691,0.995748,1.1063296E9,1.25072794E10,3927775100
mahananda,11:53:56,5.971099,992.82404,2.397161,1.15247514E9,4.7832269E9,6267225300
URMILA-PC,11:53:55,1.735793,3754.0784,9.187466,4.3271496E9,5.356118E9,6395317900
DESKTOP-Q00J1OI,11:53:56,36.303463,7772.8228,253.37907,1.07850547E9,1.25302497E10,4041659600
mahananda,11:55:37,8.213222,166.0351,13.786308,1.16211302E9,4.7713239E9,4685235800
URMILA-PC,11:55:35,3.30664,7553.719,32.178356,4.3195924E9,5.3661819E9,4565280600
DESKTOP-Q00J1OI,11:55:58,19.94331,1457.7319,0.598085,9.971712E8,1.25660078E10,4980095900
mahananda,11:56:38,11.914037,4172.651,75.10013,1.17663744E9,4.7935693E9,43005556900
URMILA-PC,11:56:55,5.038819,12817.075,52.35701,4.2961224E9,5.3659238E9,562474600
DESKTOP-Q00J1OI,11:57:01,27.14074,2129.6558,10.373967,1.10152499E9,1.25835387E10,5655932400
mahananda,11:56:58,9.409627,706.57965,2.396539,1.237504E9,4.7166792E9,4854810500
URMILA-PC,11:57:25,2.348694,5869.636,12.194673,4.3220787E9,5.3485732E9,6350812800
DESKTOP-Q00J1OI,11:57:42,23.688719,3108.7927,17.345282,1.26088397E9,1.23097211E10,12312333700
mahananda,11:57:49,28.362345,3881.4326,259.508,1.25582131E9,4.7560335E9,8539342600
URMILA-PC,11:57:45,1.78394,4412.977,5.59642,4.4007465E9,5.2699095E9,7756176100
DESKTOP-Q00J1OI,11:57:52,25.567375,3654.4165,226.90298,1.20119706E9,1.23864064E10,4065736300
mahananda,11:58:39,21.657293,3172.1484,148.22003,1.25525197E9,4.7544852E9,35100003200
URMILA-PC,11:58:35,2.477259,5020.987,6.396161,4.3932385E9,5.2742103E9,16604416200
DESKTOP-Q00J1OI,11:58:53,45.46191,11882.019,246.4398,1.05897984E9,1.25396296E10,19925821000
mahananda,11:59:00,22.804346,2767.3235,147.46803,1.25332685E9,4.7560786E9,4745610800
URMILA-PC,11:59:25,4.280131,6110.044,119.47571,4.3090084E9,5.426688E9,26566022800
DESKTOP-Q00J1OI,11:59:43,41.8763,8566.76,15.139489,1.04444723E9,1.25624607E10,17252416700
mahananda,11:59:50,5.623676,5822.9927,1014.1628,1.35558349E9,4.638421E9,9021694500
URMILA-PC,11:59:45,3.117903,4827.416,4.398557,4.3358167E9,5.4047416E9,1317912000
mahananda,12:00:00,0.838558,228.10782,1.596555,1.36251392E9,4.631978E9,7404948700
DESKTOP-Q00J1OI,11:59:53,33.373314,1959.3025,19.772778,1.0714112E9,1.25102039E10,7974128400
URMILA-PC,12:00:15,1.851048,4917.8267,4.595726,4.331307E9,5.4015754E9,18016717100
DESKTOP-Q00J1OI,12:00:24,49.2121,13047.192,366.0779,9.7778074E8,1.26145905E10,9440055800
mahananda,12:00:41,6.252282,535.72205,0.599465,1.35814758E9,4.6328381E9,5520284400
URMILA-PC,12:00:45,5.958139,10466.417,169.29028,4.3388477E9,5.3904425E9,9918587200
DESKTOP-Q00J1OI,12:00:44,21.177616,1464.1248,1.595559,1.00887757E9,1.25720576E10,9604046700
mahananda,12:02:01,33.27854,4100.397,205.95784,1.24829696E9,4.744446E9,68057008500
URMILA-PC,12:02:25,2.23243,4247.7466,3.589645,4.4026839E9,5.3136425E9,78001961300
DESKTOP-Q00J1OI,12:02:36,37.38922,2157.2566,0.795229,1.08095898E9,1.27997993E10,3867490600
URMILA-PC,12:02:35,3.055224,6035.808,8.595739,4.3913994E9,5.3225964E9,1097305300
mahananda,12:02:32,10.632265,1415.6469,6.793507,1.37220096E9,4.6571028E9,3403293100
DESKTOP-Q00J1OI,12:02:46,54.73171,12753.159,401.30783,1.03170458E9,1.28696115E10,9865415400
mahananda,12:03:32,10.335331,569.92865,5.193882,1.34730138E9,4.668076E9,48052251600
URMILA-PC,12:03:35,1.169405,3748.6892,4.798066,4.3951596E9,5.3201715E9,6515663900
DESKTOP-Q00J1OI,12:04:29,25.264282,5522.0103,128.33981,1.07604787E9,1.27491686E10,58163080800
mahananda,12:04:33,9.824088,2045.0957,28.16001,1.31142042E9,4.7131116E9,21868008700
URMILA-PC,12:05:25,4.60745,5446.639,12.794923,4.3693588E9,5.3245665E9,42832775900
DESKTOP-Q00J1OI,12:05:30,30.682716,1736.4584,6.386973,1.09576602E9,1.2742529E10,719667400
mahananda,12:05:24,13.632226,1221.5669,103.011696,1.29580237E9,4.7117804E9,612703900
DESKTOP-Q00J1OI,12:05:30,30.682716,1736.4584,6.386973,1.09576602E9,1.2742529E10,146103300
URMILA-PC,12:05:25,4.60745,5446.639,12.794923,4.3693588E9,5.3245665E9,750752000
URMILA-PC,12:05:25,4.60745,5446.639,12.794923,4.3693588E9,5.3245665E9,3306200
mahananda,12:05:34,34.375732,4226.501,280.64813,1.27536333E9,4.7357256E9,4254382400
DESKTOP-Q00J1OI,12:05:40,48.356754,9677.904,264.81482,8.9443942E8,1.29430692E10,9998162200
mahananda,12:05:54,17.570635,5827.466,211.22116,1.31648307E9,4.6911775E9,6148526500
URMILA-PC,12:06:05,2.878488,4551.3486,1.59956,4.3575091E9,5.3494579E9,7871733300
DESKTOP-Q00J1OI,12:06:10,29.672596,1908.6976,0.398767,1.0443817E9,1.28596705E10,3557933300
mahananda,12:06:14,31.155254,5718.8438,290.53806,1.29203405E9,4.7187722E9,3955305800
URMILA-PC,12:06:55,1.801135,4816.7837,0.596999,4.3750359E9,5.3333647E9,43865728200
DESKTOP-Q00J1OI,12:07:21,20.376007,1543.1047,5.395471,1.12301261E9,1.28958095E10,55079201000
URMILA-PC,12:07:35,4.359173,4650.3164,17.5959,4.3723489E9,5.323989E9,7741827200
mahananda,12:07:55,28.338594,5715.373,283.06992,1.34803046E9,4.7163146E9,35105971500
DESKTOP-Q00J1OI,12:08:01,19.699577,1294.3652,1.796066,1.06062643E9,1.29500856E10,19936440700
URMILA-PC,12:08:05,1.654394,4115.549,13.177423,4.3261338E9,5.3849457E9,1175701700
mahananda,12:08:05,33.29094,4540.6377,274.8391,1.35591526E9,4.7101624E9,7384753600
DESKTOP-Q00J1OI,12:08:22,43.713905,7671.272,106.589806,9.8639462E8,1.30221056E10,9958680100
mahananda,12:08:16,9.339923,392.27655,13.18241,1.35893811E9,4.6874665E9,1208646300
URMILA-PC,12:08:45,5.538266,10452.07,140.43971,4.323201E9,5.3881569E9,9249869000
mahananda,12:09:57,34.44667,3703.8503,182.26118,1.34281626E9,4.7141192E9,6580944700
DESKTOP-Q00J1OI,12:09:53,36.72874,3857.6736,0.797988,8.7739597E8,1.31310182E10,7332233400
URMILA-PC,12:10:15,1.148944,3507.8801,2.993412,4.4580209E9,5.2302111E9,6215985600
DESKTOP-Q00J1OI,12:10:33,36.25023,2050.602,9.975686,8.860713E8,1.31222118E10,1558391600
mahananda,12:10:57,36.32077,14628.324,376.98572,1.19473357E9,4.8413532E9,7194929300
URMILA-PC,12:11:35,0.913156,3494.0737,2.399639,4.4487885E9,5.2392509E9,32546555900
mahananda,12:11:38,27.595535,5086.495,192.74593,1.21242419E9,4.8354632E9,1139768900
DESKTOP-Q00J1OI,12:12:05,26.758966,1360.7036,7.588309,1.10843085E9,1.3117399E10,53195057600
URMILA-PC,12:12:35,5.865527,11810.912,869.96906,4.3466179E9,5.3273723E9,27461189800
mahananda,12:12:58,38.74125,11436.785,414.89883,1.26393958E9,4.8194068E9,3488094500
DESKTOP-Q00J1OI,12:12:55,20.42846,3566.1487,85.59236,1.13835622E9,1.307102E10,40773924300
URMILA-PC,12:13:05,5.715309,12919.716,1210.0422,4.3729879E9,5.2795146E9,7771540000
DESKTOP-Q00J1OI,12:13:26,38.20689,2720.9304,4.588079,1.078272E9,1.31392553E10,16603180900
mahananda,12:13:29,7.46028,1347.7192,34.357155,1.29419674E9,4.7809618E9,10247370400
URMILA-PC,12:13:45,6.773047,10670.009,1014.55554,4.3421819E9,5.29485E9,10811011400
DESKTOP-Q00J1OI,12:13:56,37.21491,2072.9055,138.79195,1.04531558E9,1.31842007E10,11959204800
mahananda,12:14:09,11.338334,3110.9045,82.17559,1.32605952E9,4.7466578E9,7424204600
URMILA-PC,12:14:15,6.949111,10197.709,916.4683,4.26244506E9,5.3905818E9,5978482200
DESKTOP-Q00J1OI,12:14:37,4.913316,1369.3845,5.586881,1.0264576E9,1.31809526E10,2810228600
mahananda,12:15:00,12.747706,2935.136,15.569955,1.36112128E9,4.7107031E9,9085926500
URMILA-PC,12:15:05,7.263629,12155.082,1358.4728,4.3152589E9,5.3188526E9,4005831800
DESKTOP-Q00J1OI,12:15:18,37.64631,15062.676,140.9702,8.4056474E8,1.33937316E10,8497012100
mahananda,12:16:21,5.576636,876.73517,20.779503,1.39193139E9,4.6588477E9,9210253500
URMILA-PC,12:16:25,6.269844,13484.69,1436.5148,4.3939389E9,5.2365353E9,3928359400
DESKTOP-Q00J1OI,12:16:49,45.46993,3559.3247,4.769881,1.05196339E9,1.34007153E10,4819263600
mahananda,12:17:11,13.198769,2235.4746,34.96988,1.39890688E9,4.6645821E9,24651498100
URMILA-PC,12:18:25,13.435209,22128.78,1452.8987,4.20072653E9,5.4408028E9,55002606700
DESKTOP-Q00J1OI,12:19:11,15.926709,2716.9978,0.797885,9.6087245E8,1.34162145E10,9500729400
mahananda,12:19:02,8.686158,1234.3589,47.751984,1.39422106E9,4.6802657E9,9283383700
URMILA-PC,12:19:15,4.125062,5821.5396,21.18668,4.26351411E9,5.4185329E9,8645250400
DESKTOP-Q00J1OI,12:19:21,40.103565,3608.834,2.990416,9.4842061E8,1.34266839E10,559799900
mahananda,12:19:23,12.602323,3030.0986,128.05203,1.34521651E9,4.739498E9,1246124500
DESKTOP-Q00J1OI,12:19:31,43.485535,9929.903,257.0384,9.5469568E8,1.33634089E10,8466411500
URMILA-PC,12:19:25,2.417343,4243.1377,1.998463,4.26122035E9,5.3961933E9,8466836300
mahananda,12:19:33,13.311481,1660.7588,90.21307,1.34465946E9,4.7217951E9,7564962300
URMILA-PC,12:19:45,3.920996,4246.8047,3.599495,4.3088773E9,5.3520998E9,8184235400
DESKTOP-Q00J1OI,12:20:02,27.595737,5675.0083,139.4135,8.8823808E8,1.34645105E10,9978160500
URMILA-PC,12:20:15,9.200149,18236.78,446.90146,4.3176018E9,5.4195978E9,4247968300
mahananda,12:20:13,6.384292,1161.2916,24.963276,1.37987686E9,4.6922998E9,8382164200
DESKTOP-Q00J1OI,12:20:32,21.983547,1317.5591,0.399079,9.3379789E8,1.34029107E10,4793038500
mahananda,12:20:33,8.978195,2465.8682,101.92015,1.37598976E9,4.6995907E9,7997644000
URMILA-PC,12:20:55,3.956711,5520.1235,14.992188,4.3100078E9,5.4116147E9,5648141400
DESKTOP-Q00J1OI,12:21:44,4.293643,1292.7106,0.998386,1.05645261E9,1.33350072E10,6521072400
mahananda,12:21:54,7.504731,543.3129,0.199821,1.3588439E9,4.7196979E9,2634203400
URMILA-PC,12:22:05,8.223209,14413.023,202.29997,4.3003208E9,5.4125896E9,7273441000
DESKTOP-Q00J1OI,12:22:15,35.011436,2702.2935,27.194902,1.02098125E9,1.33501542E10,9735255500
mahananda,12:22:14,44.425377,11735.1,498.3541,1.31074458E9,4.7881667E9,9627712800
URMILA-PC,12:22:25,10.681235,15167.522,211.16273,4.3257242E9,5.3819515E9,9598626800
DESKTOP-Q00J1OI,12:22:56,17.643822,3795.8806,23.759195,9.324544E8,1.33994619E10,8931371900
mahananda,12:22:55,50.11804,13939.466,470.63083,1.13320346E9,4.8470057E9,8931254100
URMILA-PC,12:23:05,2.970986,4259.279,15.399562,4.27728077E9,5.431337E9,9530818600
DESKTOP-Q00J1OI,12:23:06,38.069836,6410.5586,137.96237,8.581079E8,1.34707732E10,8835422400
mahananda,12:23:15,18.05932,3754.2827,34.162533,1.09493043E9,4.8724664E9,9309876000
DESKTOP-Q00J1OI,12:23:56,5.778567,1237.1919,0.799349,8.0971366E8,1.35430472E10,50104800
URMILA-PC,12:23:55,9.536786,19194.104,428.17554,4.23789363E9,5.4896804E9,50235000
mahananda,12:24:06,33.64992,7452.2295,348.28357,1.17203354E9,4.914946E9,9968787400
URMILA-PC,12:24:05,10.27394,19243.016,223.49797,4.22773146E9,5.489578E9,9701520500
DESKTOP-Q00J1OI,12:24:06,2.187372,1091.9146,0.0,8.0673178E8,1.35439729E10,1119148800
mahananda,12:24:16,5.92076,4935.5063,108.43975,1.21987072E9,4.8799334E9,9357601800
URMILA-PC,12:24:15,3.208278,6084.3228,6.794331,4.3040154E9,5.4025953E9,8188487000
mahananda,12:24:46,39.126694,8055.5645,226.16318,1.1363328E9,4.9585234E9,1796632300
DESKTOP-Q00J1OI,12:24:48,3.904802,1278.5806,3.996813,8.0803021E8,1.35377347E10,1797461800
DESKTOP-Q00J1OI,12:24:58,38.137463,7639.3975,28.088217,7.4111795E8,1.35896433E10,9589030400
URMILA-PC,12:24:55,4.122875,5563.736,11.773624,4.3448156E9,5.3605253E9,9935907000
mahananda,12:25:06,40.62118,7187.0103,326.57333,1.14371789E9,4.9318543E9,9199260700
DESKTOP-Q00J1OI,12:25:08,35.45969,2504.3333,50.741917,7.7635584E8,1.35541678E10,559401800
URMILA-PC,12:25:05,7.720002,15531.966,175.95203,4.27614208E9,5.4386319E9,9488070900
URMILA-PC,12:25:15,3.139622,5293.749,13.792052,4.3247329E9,5.3775032E9,9932184100
mahananda,12:25:16,4.734092,232.88724,4.793562,1.17390131E9,4.9069384E9,9932264500
DESKTOP-Q00J1OI,12:25:28,26.66792,1654.44,38.902184,7.7621658E8,1.35546757E10,9921554700
mahananda,12:25:26,6.620987,1097.2006,11.583114,1.23958067E9,4.8557507E9,9921619000
URMILA-PC,12:25:35,2.589303,5110.9824,1.799712,4.308566E9,5.3981061E9,9200851700
DESKTOP-Q00J1OI,12:25:38,35.960518,7495.773,151.76054,6.9347738E8,1.36394056E10,8953509000
mahananda,12:25:47,5.825761,400.66962,2.996034,1.22047283E9,4.8805806E9,10008331200
URMILA-PC,12:25:55,6.369634,4521.101,1.199974,4.3162583E9,5.3694833E9,9992149100
mahananda,12:26:07,8.331108,1401.8628,2.196964,1.21308365E9,4.8686776E9,8066265700
DESKTOP-Q00J1OI,12:26:09,31.07119,5434.849,44.515217,7.9418982E8,1.36079606E10,9880180500
URMILA-PC,12:26:15,5.477711,13578.496,0.399797,4.3341906E9,5.353472E9,9917790000
DESKTOP-Q00J1OI,12:26:19,32.86542,2120.6748,5.782209,9.2089139E8,1.36149729E10,8946399200
mahananda,12:26:27,13.382219,4178.4272,95.49093,1.2683264E9,4.9224376E9,9266112700
URMILA-PC,12:26:25,6.555554,13662.947,176.98686,4.25283994E9,5.441364E9,2230834100
mahananda,12:26:37,7.732445,316.12872,4.196399,1.32725965E9,4.8638321E9,1208425200
DESKTOP-Q00J1OI,12:26:39,41.148212,10204.517,237.13823,9.7955021E8,1.36430633E10,8741332200
URMILA-PC,12:26:45,7.526691,10439.045,150.43462,4.2838016E9,5.40851E9,9644210700
mahananda,12:26:57,3.41954,314.74982,14.379433,1.26614323E9,4.9295852E9,9260281300
DESKTOP-Q00J1OI,12:26:59,20.751581,4965.8535,14.776354,9.4289101E8,1.36320819E10,9260567200
URMILA-PC,12:27:26,3.882523,5340.468,13.786751,4.3488256E9,5.3217894E9,5670063800
DESKTOP-Q00J1OI,12:29:03,4.451494,1074.1444,0.0,9.8912256E8,1.35638344E10,1649303100
URMILA-PC,12:29:06,1.541137,4304.767,0.399941,4.3617239E9,5.2997038E9,7380075000
mahananda,12:29:09,39.054173,7516.5503,69.516304,1.28223232E9,4.9437164E9,8332245000
DESKTOP-Q00J1OI,12:29:13,51.00957,19952.031,398.76147,9.1516109E8,1.36353055E10,7103141900
URMILA-PC,12:29:26,0.978558,4307.355,2.200079,4.28842598E9,5.3565276E9,4165681900
mahananda,12:29:29,6.25447,415.04883,0.999155,1.20962253E9,4.876202E9,8174479700
DESKTOP-Q00J1OI,12:29:34,36.21878,5661.505,97.99411,9.5566643E8,1.36068874E10,9122833100
mahananda,12:29:39,21.649124,6488.8696,179.20308,1.30671411E9,4.8784343E9,4693428500
URMILA-PC,12:29:46,1.091468,4280.9565,0.79783,4.29082624E9,5.3576745E9,8176991400
DESKTOP-Q00J1OI,12:29:55,22.182571,1496.9705,0.59823,8.8564531E8,1.36912159E10,2300754800
mahananda,12:30:10,2.075115,665.9699,0.399502,1.31131392E9,4.8676577E9,1923711800
URMILA-PC,12:30:16,5.606839,10930.342,25.796087,4.2965647E9,5.339947E9,5400094000
DESKTOP-Q00J1OI,12:30:27,24.498201,2279.6567,0.598492,8.6390784E8,1.36953283E10,7604874200
mahananda,12:31:30,3.51039,715.082,14.776896,1.28003277E9,4.8827556E9,1116382800
URMILA-PC,12:31:26,1.263819,4539.799,0.0,4.3233894E9,5.3218386E9,1116194600
DESKTOP-Q00J1OI,12:31:41,25.395605,8579.967,137.04932,9.7363558E8,1.37150956E10,8845562100
mahananda,12:31:51,14.33779,3706.4114,42.74017,1.23572634E9,4.9241784E9,9626998200
URMILA-PC,12:31:56,0.75453,4601.3286,12.798133,4.3307991E9,5.3142159E9,8149931500
mahananda,12:32:11,8.266999,1357.4845,16.773859,1.27380685E9,4.8894894E9,5453207200
DESKTOP-Q00J1OI,12:32:12,27.216066,1948.3396,22.942766,1.02009242E9,1.36412406E10,11614255600
DESKTOP-Q00J1OI,12:32:22,40.105663,9877.844,218.60704,9.8844672E8,1.36571044E10,5596588200
URMILA-PC,12:32:16,1.039299,3631.3079,0.399418,4.3419607E9,5.3037056E9,5596894800
mahananda,12:32:21,8.335325,2935.6335,51.88042,1.33515674E9,4.6937375E9,2429829200
URMILA-PC,12:32:26,2.15711,9258.462,58.367607,4.3321098E9,5.3209252E9,5531536700
DESKTOP-Q00J1OI,12:32:42,30.83812,4249.6533,108.10469,1.04449638E9,1.36021074E10,14855125000
URMILA-PC,12:32:46,1.906338,4823.1836,0.797814,4.3324129E9,5.3199913E9,2726624200
mahananda,12:32:31,15.749181,9799.719,59.856575,1.55410022E9,4.4685763E9,21004882100
DESKTOP-Q00J1OI,12:33:02,18.331108,1878.0507,1.196973,1.01446042E9,1.36205517E10,6456224400
URMILA-PC,12:33:06,1.124269,4393.4194,0.0,4.3318313E9,5.3223916E9,7866814000
DESKTOP-Q00J1OI,12:33:12,25.946304,4113.5396,86.01055,1.03712768E9,1.35994614E10,9317437200
mahananda,12:32:31,15.749181,9799.719,59.856575,1.55410022E9,4.4685763E9,21033701700
URMILA-PC,12:33:26,0.866042,3486.4297,12.798641,4.3437629E9,5.2990157E9,6236943000
DESKTOP-Q00J1OI,12:33:33,36.885223,3209.4285,17.173397,1.02724403E9,1.35975363E10,9964214300
mahananda,12:32:31,15.749181,9799.719,59.856575,1.55410022E9,4.4685763E9,21020307800
mahananda,12:32:31,15.749181,9799.719,59.856575,1.55410022E9,4.4685763E9,21032489800
URMILA-PC,09:00:21,14.427355,76610.12,29634.02,3.98440038E9,5.4683197E9,20061893100
URMILA-PC,09:47:35,0.683219,4060.7048,13.576278,4.21687296E9,5.4170092E9,9803867500
URMILA-PC,09:47:35,0.683219,4060.7048,13.576278,4.21687296E9,5.4170092E9,1630006600
URMILA-PC,09:47:35,0.683219,4060.7048,13.576278,4.21687296E9,5.4170092E9,1562805000
URMILA-PC,09:47:45,3.128042,5763.9473,3.599717,4.21753242E9,5.4162063E9,420809100
DESKTOP-Q00J1OI,09:47:48,35.755306,3037.0425,45.10558,1.0388439E9,1.60728269E10,11645746800
URMILA-PC,09:47:45,3.128042,5763.9473,3.599717,4.21753242E9,5.4162063E9,5151483100
DESKTOP-Q00J1OI,09:47:48,35.755306,3037.0425,45.10558,1.0388439E9,1.60728269E10,19818226100
DESKTOP-Q00J1OI,09:47:48,35.755306,3037.0425,45.10558,1.0388439E9,1.60728269E10,5154603400
DESKTOP-Q00J1OI,09:47:48,35.755306,3037.0425,45.10558,1.0388439E9,1.60728269E10,11578664500
URMILA-PC,09:48:25,3.515276,3926.6575,0.0,4.2998456E9,5.4195036E9,1989227100
DESKTOP-Q00J1OI,09:48:40,36.598934,4972.7476,112.19576,1.00456858E9,1.61277788E10,8263241000
DESKTOP-Q00J1OI,09:48:40,36.598934,4972.7476,112.19576,1.00456858E9,1.61277788E10,11996920900
URMILA-PC,09:49:45,0.975638,4064.8599,0.0,4.22845235E9,5.4777324E9,7031604300
DESKTOP-Q00J1OI,09:49:42,28.475111,6003.2476,21.365292,9.7985331E8,1.6180994E10,7033477600
DESKTOP-Q00J1OI,09:50:24,23.605902,10043.027,6.984719,8.5472051E8,1.64150764E10,4552298600
URMILA-PC,09:50:25,0.812615,3582.4792,0.799081,4.2446889E9,5.4596362E9,4552956500
DESKTOP-Q00J1OI,09:50:56,29.879234,7228.388,3081.6497,7.0827622E8,1.64854211E10,6922496600
URMILA-PC,09:50:55,1.028963,3901.9019,12.398417,4.25056666E9,5.4540411E9,7473945300
URMILA-PC,09:50:55,1.028963,3901.9019,12.398417,4.25056666E9,5.4540411E9,7956475600
URMILA-PC,09:50:55,1.028963,3901.9019,12.398417,4.25056666E9,5.4540411E9,6927012500
DESKTOP-Q00J1OI,09:51:06,37.514294,4441.3657,1168.833,6.6623488E8,1.65003223E10,17983789100
DESKTOP-Q00J1OI,09:51:06,37.514294,4441.3657,1168.833,6.6623488E8,1.65003223E10,16954827400
URMILA-PC,09:51:05,1.921575,4057.0784,3.391705,4.25413427E9,5.4553313E9,6591942100
URMILA-PC,09:51:15,1.380716,4016.8428,10.794203,4.25414656E9,5.4538813E9,9346993600
DESKTOP-Q00J1OI,09:51:16,38.05937,4857.5337,583.84296,5.8968474E8,1.655006E10,9465908800
DESKTOP-Q00J1OI,09:51:16,38.05937,4857.5337,583.84296,5.8968474E8,1.655006E10,8318247300
DESKTOP-Q00J1OI,09:52:21,10.61924,1136.8405,10.790892,6.3301632E8,1.65512028E10,653551300
URMILA-PC,09:52:15,0.831132,3673.0806,0.0,4.25304883E9,5.4589481E9,655322600
DESKTOP-Q00J1OI,09:53:24,18.593817,14716.569,4436.1084,6.2281728E8,1.66093455E10,9972215100
URMILA-PC,09:53:25,2.725435,3108.2356,1.797476,4.21753242E9,5.5005184E9,9972630200
URMILA-PC,09:54:35,2.422507,4036.773,7.790684,4.23591117E9,5.5046103E9,20450630400
URMILA-PC,09:54:35,2.422507,4036.773,7.790684,4.23591117E9,5.5046103E9,22956796000
DESKTOP-Q00J1OI,09:54:38,29.312761,7629.333,30.228569,9.8748416E8,1.6639742E10,23762840600
URMILA-PC,09:54:55,2.579485,3970.176,2.594756,4.23601766E9,5.5037747E9,43732532800
DESKTOP-Q00J1OI,09:54:59,20.685575,4285.078,113.810844,9.6928154E8,1.6624169E10,22471991300
DESKTOP-Q00J1OI,09:54:59,20.685575,4285.078,113.810844,9.6928154E8,1.6624169E10,50148738700
URMILA-PC,09:55:25,1.728489,3946.4148,8.183028,4.23682048E9,5.500457E9,20052993600
DESKTOP-Q00J1OI,09:56:14,16.810446,2881.6729,282.49344,1.63353805E9,1.54903757E10,9366967400
DESKTOP-Q00J1OI,09:56:14,16.810446,2881.6729,282.49344,1.63353805E9,1.54903757E10,6135768800
URMILA-PC,09:56:25,2.435925,3256.1294,2.599465,4.2500096E9,5.4940549E9,21661150700
URMILA-PC,09:56:35,2.731763,3994.0447,0.0,4.2507223E9,5.491073E9,45170696400
URMILA-PC,09:56:35,2.731763,3994.0447,0.0,4.2507223E9,5.491073E9,28620693700
URMILA-PC,09:56:35,2.731763,3994.0447,0.0,4.2507223E9,5.491073E9,5874124400
DESKTOP-Q00J1OI,09:56:35,16.649881,8097.788,2236.1758,1.63251814E9,1.55056046E10,53030794300
DESKTOP-Q00J1OI,09:56:55,31.73261,4331.2905,98.95988,1.50106112E9,1.56188836E10,26121586500
URMILA-PC,09:57:05,3.541912,3978.6353,0.0,4.23125402E9,5.5161774E9,28340804500
URMILA-PC,09:57:05,3.541912,3978.6353,0.0,4.23125402E9,5.5161774E9,34285655000
DESKTOP-Q00J1OI,09:57:05,30.60294,4637.128,654.6816,1.46557747E9,1.56550758E10,35605580500
DESKTOP-Q00J1OI,09:57:16,13.468528,2993.1553,1143.5306,1.47141427E9,1.56360131E10,42540957400
URMILA-PC,09:57:25,1.499071,4073.5095,0.0,4.23165952E9,5.5188111E9,28731120100
URMILA-PC,09:57:25,1.499071,4073.5095,0.0,4.23165952E9,5.5188111E9,28747850500
URMILA-PC,09:57:25,1.499071,4073.5095,0.0,4.23165952E9,5.5188111E9,28814041500
DESKTOP-Q00J1OI,09:57:27,15.922167,2940.3694,1198.0911,1.45855693E9,1.56287754E10,29273953700
DESKTOP-Q00J1OI,09:57:27,15.922167,2940.3694,1198.0911,1.45855693E9,1.56287754E10,30359793300
DESKTOP-Q00J1OI,09:58:08,20.258282,1886.8557,472.66364,1.45762714E9,1.56453028E10,26488534000
URMILA-PC,09:58:35,1.686071,3191.5217,0.0,4.2683351E9,5.4608404E9,49103204800
URMILA-PC,09:58:35,1.686071,3191.5217,0.0,4.2683351E9,5.4608404E9,21080452700
URMILA-PC,09:58:35,1.686071,3191.5217,0.0,4.2683351E9,5.4608404E9,49109647000
DESKTOP-Q00J1OI,09:58:28,20.885584,14170.098,6684.309,1.44833741E9,1.56476539E10,95213928000
DESKTOP-Q00J1OI,09:58:28,20.885584,14170.098,6684.309,1.44833741E9,1.56476539E10,63678601600
DESKTOP-Q00J1OI,09:58:39,15.747138,2050.807,520.64636,1.46018304E9,1.56469903E10,52376481400
URMILA-PC,09:58:55,2.691865,3758.653,0.0,4.2724311E9,5.4546637E9,4100155900
URMILA-PC,09:59:15,13.140441,16790.688,76.35038,4.21633638E9,5.5072522E9,21143825800
URMILA-PC,09:59:15,13.140441,16790.688,76.35038,4.21633638E9,5.5072522E9,24156182600
DESKTOP-Q00J1OI,09:59:20,19.719772,14246.863,6513.5933,1.27929958E9,1.59105843E10,39423828900
DESKTOP-Q00J1OI,09:59:20,19.719772,14246.863,6513.5933,1.27929958E9,1.59105843E10,28021052300
DESKTOP-Q00J1OI,09:59:31,12.671442,5203.271,2128.9016,1.50827827E9,1.5683031E10,6692359700
DESKTOP-Q00J1OI,10:00:12,13.343703,3110.7305,1163.3008,1.49897626E9,1.57007749E10,48579051800
DESKTOP-Q00J1OI,10:00:12,13.343703,3110.7305,1163.3008,1.49897626E9,1.57007749E10,48574242500
URMILA-PC,10:00:15,5.021957,4072.303,0.199868,4.22115328E9,5.4945382E9,48811818300
URMILA-PC,10:00:25,1.855254,4549.161,0.798869,4.21476352E9,5.513257E9,49985498800
URMILA-PC,10:00:25,1.855254,4549.161,0.798869,4.21476352E9,5.513257E9,59837095300
DESKTOP-Q00J1OI,10:00:43,12.221739,2401.9858,726.16785,1.47587891E9,1.57118136E10,106385905800
DESKTOP-Q00J1OI,10:01:13,13.931206,4236.538,1898.7386,1.4733312E9,1.57396296E10,4660013300
DESKTOP-Q00J1OI,10:01:13,13.931206,4236.538,1898.7386,1.4733312E9,1.57396296E10,4971873400
DESKTOP-Q00J1OI,10:02:36,17.118101,4396.6304,1720.4813,1.21657344E9,1.58289551E10,63745140100
URMILA-PC,10:02:45,5.721412,12635.446,21.161892,4.15873024E9,5.5406346E9,74378223400
URMILA-PC,10:02:45,5.721412,12635.446,21.161892,4.15873024E9,5.5406346E9,91580412500
URMILA-PC,10:02:55,1.888798,3606.7341,1.79897,4.19716301E9,5.5012475E9,10093827700
DESKTOP-Q00J1OI,10:03:07,13.368138,4665.033,1858.8538,1.12082944E9,1.58350131E10,117907895100
DESKTOP-Q00J1OI,10:03:17,16.649237,3871.1108,1180.4849,1.08305613E9,1.58408663E10,30362769700
URMILA-PC,10:03:25,14.623407,46645.28,361.72897,3.77616794E9,5.9998126E9,134430050600
URMILA-PC,10:03:25,14.623407,46645.28,361.72897,3.77616794E9,5.9998126E9,134478879400
DESKTOP-Q00J1OI,10:03:38,19.306812,1489.1892,96.98627,1.04665907E9,1.58564475E10,8243953700
URMILA-PC,10:03:45,4.744912,3770.7114,17.589325,3.92852275E9,5.8931118E9,21116447200
URMILA-PC,10:03:45,4.744912,3770.7114,17.589325,3.92852275E9,5.8931118E9,21007320200
URMILA-PC,10:03:45,4.744912,3770.7114,17.589325,3.92852275E9,5.8931118E9,21003801200
DESKTOP-Q00J1OI,10:03:38,19.306812,1489.1892,96.98627,1.04665907E9,1.58564475E10,21159445000
DESKTOP-Q00J1OI,10:03:48,5.712898,997.0596,117.183495,1.11455846E9,1.58575206E10,28267645000
DESKTOP-Q00J1OI,10:03:48,5.712898,997.0596,117.183495,1.11455846E9,1.58575206E10,28155443700
DESKTOP-Q00J1OI,10:03:58,8.72088,1735.4604,439.36212,1.15178701E9,1.58650655E10,984002400
URMILA-PC,10:03:55,4.800458,5125.222,5.795502,3.96959334E9,5.8468803E9,22173059700
DESKTOP-Q00J1OI,10:04:09,7.19563,2711.6248,958.9966,1.15588301E9,1.58647255E10,11299333200
DESKTOP-Q00J1OI,10:04:19,10.085751,2951.3545,979.45215,1.15315917E9,1.58839603E10,20763062800
URMILA-PC,10:04:25,2.548339,4573.657,13.199011,4.2790912E9,5.5029842E9,21196658100
DESKTOP-Q00J1OI,10:04:29,13.905865,3318.5842,1494.0916,1.14248909E9,1.58867005E10,4121739500
URMILA-PC,10:04:55,2.338301,3305.7822,0.0,4.28092211E9,5.4962176E9,21423077200
DESKTOP-Q00J1OI,10:05:11,13.290271,2814.9612,965.8495,9.594921E8,1.59156429E10,30906295100
URMILA-PC,10:05:05,1.919833,4255.1753,0.0,4.28085658E9,5.5010959E9,70453098500
URMILA-PC,10:05:05,1.919833,4255.1753,0.0,4.28085658E9,5.5010959E9,49409317200
URMILA-PC,10:05:25,2.202164,4036.5186,0.199966,4.2796032E9,5.4986793E9,20614613300
DESKTOP-Q00J1OI,10:05:21,18.55196,2365.3564,850.4248,9.2408218E8,1.59242813E10,21059349400
DESKTOP-Q00J1OI,10:05:42,10.868612,2678.6575,680.9129,9.1338342E8,1.59398748E10,14875741000
URMILA-PC,10:05:35,1.893985,4120.491,12.78229,4.27845222E9,5.496447E9,20634661300
URMILA-PC,10:06:15,5.248316,5580.593,14.192352,4.27542938E9,5.4998344E9,20025522600
URMILA-PC,10:06:25,4.189723,7846.3525,1.198862,4.27567104E9,5.5056876E9,93675470100
DESKTOP-Q00J1OI,10:06:24,15.133197,3642.2087,997.0359,1.37161114E9,1.59325716E10,21953385600
URMILA-PC,10:06:35,5.4357,8823.861,0.799933,4.27620762E9,5.4998548E9,20635296200
DESKTOP-Q00J1OI,10:06:34,15.726632,6605.2466,2909.5442,1.33695488E9,1.59485542E10,38253334900
DESKTOP-Q00J1OI,10:06:34,15.726632,6605.2466,2909.5442,1.33695488E9,1.59485542E10,26797374300
URMILA-PC,10:06:45,2.483014,6416.4536,0.199467,4.27555635E9,5.4949274E9,51424678000
DESKTOP-Q00J1OI,10:07:04,38.675415,17560.799,2669.4202,1.21366528E9,1.60888136E10,132299572300
DESKTOP-Q00J1OI,10:07:04,38.675415,17560.799,2669.4202,1.21366528E9,1.60888136E10,20583843300
URMILA-PC,10:07:05,2.243972,4002.0315,13.565532,4.27517542E9,5.4965043E9,20592026500
DESKTOP-Q00J1OI,10:07:14,36.12146,19556.826,7870.6934,1.16912947E9,1.61625006E10,30247714600
DESKTOP-Q00J1OI,10:07:14,36.12146,19556.826,7870.6934,1.16912947E9,1.61625006E10,6197777000
URMILA-PC,10:07:15,3.301335,4386.368,0.599149,4.27718246E9,5.49009E9,30244435100
DESKTOP-Q00J1OI,10:07:14,36.12146,19556.826,7870.6934,1.16912947E9,1.61625006E10,30244487800
URMILA-PC,10:07:15,3.301335,4386.368,0.599149,4.27718246E9,5.49009E9,6200335300
URMILA-PC,10:07:15,3.301335,4386.368,0.599149,4.27718246E9,5.49009E9,30249675200
DESKTOP-Q00J1OI,10:07:25,45.706062,19967.465,7099.1255,1.05486746E9,1.6308224E10,20332744400
URMILA-PC,10:07:25,2.465788,3571.354,3.798037,4.27751834E9,5.4902538E9,20332867100
URMILA-PC,10:07:25,2.465788,3571.354,3.798037,4.27751834E9,5.4902538E9,9590628200
URMILA-PC,10:07:25,2.465788,3571.354,3.798037,4.27751834E9,5.4902538E9,9586844300
URMILA-PC,10:07:25,2.465788,3571.354,3.798037,4.27751834E9,5.4902538E9,9588904400
DESKTOP-Q00J1OI,10:07:35,50.010277,20169.95,5405.353,9.7140736E8,1.6408191E10,19599480000
DESKTOP-Q00J1OI,10:07:35,50.010277,20169.95,5405.353,9.7140736E8,1.6408191E10,19603397800
DESKTOP-Q00J1OI,10:07:35,50.010277,20169.95,5405.353,9.7140736E8,1.6408191E10,9409617900
URMILA-PC,10:07:35,3.15608,4437.799,2.797982,4.27454874E9,5.4981878E9,9405914400
DESKTOP-Q00J1OI,10:07:35,50.010277,20169.95,5405.353,9.7140736E8,1.6408191E10,19602220900
DESKTOP-Q00J1OI,10:07:35,50.010277,20169.95,5405.353,9.7140736E8,1.6408191E10,9374158700
URMILA-PC,10:07:55,2.160553,4259.284,3.796331,4.26603315E9,5.4996296E9,16019223200
URMILA-PC,10:07:55,2.160553,4259.284,3.796331,4.26603315E9,5.4996296E9,26094233100
DESKTOP-Q00J1OI,10:07:55,37.510498,8512.672,29.195444,8.4312064E8,1.65312635E10,16019254300
URMILA-PC,10:07:55,2.160553,4259.284,3.796331,4.26603315E9,5.4996296E9,16017962800
URMILA-PC,10:07:55,2.160553,4259.284,3.796331,4.26603315E9,5.4996296E9,16251324600
DESKTOP-Q00J1OI,10:07:55,37.510498,8512.672,29.195444,8.4312064E8,1.65312635E10,16251175100
DESKTOP-Q00J1OI,10:08:15,39.03658,10140.025,192.6295,6.9595546E8,1.67107052E10,36022542600
URMILA-PC,10:08:25,3.329693,4438.446,12.76275,4.2513367E9,5.5174021E9,20733787700
DESKTOP-Q00J1OI,10:08:15,39.03658,10140.025,192.6295,6.9595546E8,1.67107052E10,20848039000
URMILA-PC,10:08:25,3.329693,4438.446,12.76275,4.2513367E9,5.5174021E9,3140532400
DESKTOP-Q00J1OI,10:08:26,45.49313,13524.625,86.243286,5.10926848E8,1.6866263E10,3140845900
DESKTOP-Q00J1OI,10:08:26,45.49313,13524.625,86.243286,5.10926848E8,1.6866263E10,3141632900
URMILA-PC,10:08:25,3.329693,4438.446,12.76275,4.2513367E9,5.5174021E9,3141876800
URMILA-PC,10:08:25,3.329693,4438.446,12.76275,4.2513367E9,5.5174021E9,3139330300
DESKTOP-Q00J1OI,10:08:26,45.49313,13524.625,86.243286,5.10926848E8,1.6866263E10,351849000
DESKTOP-Q00J1OI,10:08:26,45.49313,13524.625,86.243286,5.10926848E8,1.6866263E10,3783289900
URMILA-PC,10:08:25,3.329693,4438.446,12.76275,4.2513367E9,5.5174021E9,837699800
DESKTOP-Q00J1OI,10:08:26,45.49313,13524.625,86.243286,5.10926848E8,1.6866263E10,1667037300
URMILA-PC,10:08:25,3.329693,4438.446,12.76275,4.2513367E9,5.5174021E9,1661967900
DESKTOP-Q00J1OI,10:08:36,59.973007,27719.053,621.80707,3.36216064E8,1.69988424E10,2027973400
URMILA-PC,10:08:35,2.556333,4249.2583,0.799221,4.27749786E9,5.4919209E9,2028607800
DESKTOP-Q00J1OI,10:08:36,59.973007,27719.053,621.80707,3.36216064E8,1.69988424E10,7847172900
URMILA-PC,10:08:35,2.556333,4249.2583,0.799221,4.27749786E9,5.4919209E9,7849874700
URMILA-PC,10:08:35,2.556333,4249.2583,0.799221,4.27749786E9,5.4919209E9,6899808000
DESKTOP-Q00J1OI,10:08:36,59.973007,27719.053,621.80707,3.36216064E8,1.69988424E10,9008618700
DESKTOP-Q00J1OI,10:08:36,59.973007,27719.053,621.80707,3.36216064E8,1.69988424E10,4983762700
URMILA-PC,10:08:35,2.556333,4249.2583,0.799221,4.27749786E9,5.4919209E9,4616012300
DESKTOP-Q00J1OI,10:08:36,59.973007,27719.053,621.80707,3.36216064E8,1.69988424E10,2817782000
DESKTOP-Q00J1OI,10:08:46,52.38086,12366.505,369.43866,3.88800512E8,1.69340232E10,5741902000
DESKTOP-Q00J1OI,10:08:46,52.38086,12366.505,369.43866,3.88800512E8,1.69340232E10,5741692200
URMILA-PC,10:08:45,3.090624,4184.6494,0.0,4.2735616E9,5.4933463E9,5743170300
URMILA-PC,10:08:45,3.090624,4184.6494,0.0,4.2735616E9,5.4933463E9,5868093200
URMILA-PC,10:08:45,3.090624,4184.6494,0.0,4.2735616E9,5.4933463E9,5789262100
DESKTOP-Q00J1OI,10:08:46,52.38086,12366.505,369.43866,3.88800512E8,1.69340232E10,5789462600
DESKTOP-Q00J1OI,10:08:46,52.38086,12366.505,369.43866,3.88800512E8,1.69340232E10,20171537200
URMILA-PC,10:08:55,2.326568,4212.7085,15.383599,4.2750976E9,5.4886932E9,20955013600
URMILA-PC,10:08:55,2.326568,4212.7085,15.383599,4.2750976E9,5.4886932E9,1335390800
URMILA-PC,10:08:55,2.326568,4212.7085,15.383599,4.2750976E9,5.4886932E9,130927260300
URMILA-PC,10:08:55,2.326568,4212.7085,15.383599,4.2750976E9,5.4886932E9,3869028200
DESKTOP-Q00J1OI,10:08:56,41.724735,17427.512,572.7314,4.94907392E8,1.68469299E10,3868499700
URMILA-PC,10:09:05,1.767799,3286.306,0.799588,4.27644518E9,5.4827663E9,1269523500
DESKTOP-Q00J1OI,10:09:06,37.87164,13652.123,149.24174,3.31538432E8,1.70380206E10,1267847500
URMILA-PC,10:09:05,1.767799,3286.306,0.799588,4.27644518E9,5.4827663E9,1267862000
DESKTOP-Q00J1OI,10:09:05,37.87164,13652.123,149.24174,3.31538432E8,1.70380206E10,1269221000
DESKTOP-Q00J1OI,10:09:06,37.87164,13652.123,149.24174,3.31538432E8,1.70380206E10,1270554500
URMILA-PC,10:09:05,1.767799,3286.306,0.799588,4.27644518E9,5.4827663E9,1269754700
URMILA-PC,10:09:05,1.767799,3286.306,0.799588,4.27644518E9,5.4827663E9,122395500
DESKTOP-Q00J1OI,10:09:06,37.87164,13652.123,149.24174,3.31538432E8,1.70380206E10,122357200
DESKTOP-Q00J1OI,10:09:06,37.87164,13652.123,149.24174,3.31538432E8,1.70380206E10,4338811300
DESKTOP-Q00J1OI,10:09:06,37.87164,13652.123,149.24174,3.31538432E8,1.70380206E10,123761000
URMILA-PC,10:09:05,1.767799,3286.306,0.799588,4.27644518E9,5.4827663E9,124294300
DESKTOP-Q00J1OI,10:09:06,37.87164,13652.123,149.24174,3.31538432E8,1.70380206E10,124200700
URMILA-PC,10:09:05,1.767799,3286.306,0.799588,4.27644518E9,5.4827663E9,2750318100
URMILA-PC,10:09:15,2.902753,4092.8042,0.0,4.27631411E9,5.488427E9,4758019000
DESKTOP-Q00J1OI,10:09:16,48.95095,21670.977,3232.2637,3.40688896E8,1.70238689E10,1255915600
DESKTOP-Q00J1OI,10:09:16,48.95095,21670.977,3232.2637,3.40688896E8,1.70238689E10,1255039700
URMILA-PC,10:09:15,2.902753,4092.8042,0.0,4.27631411E9,5.488427E9,1255939400
DESKTOP-Q00J1OI,10:09:16,48.95095,21670.977,3232.2637,3.40688896E8,1.70238689E10,1400309800
URMILA-PC,10:09:15,2.902753,4092.8042,0.0,4.27631411E9,5.488427E9,1400301200
URMILA-PC,10:09:15,2.902753,4092.8042,0.0,4.27631411E9,5.488427E9,4901253700
DESKTOP-Q00J1OI,10:09:16,48.95095,21670.977,3232.2637,3.40688896E8,1.70238689E10,4900528900
DESKTOP-Q00J1OI,10:09:16,48.95095,21670.977,3232.2637,3.40688896E8,1.70238689E10,4900748000
URMILA-PC,10:09:15,2.902753,4092.8042,0.0,4.27631411E9,5.488427E9,4902164800
DESKTOP-Q00J1OI,10:09:16,48.95095,21670.977,3232.2637,3.40688896E8,1.70238689E10,4901324100
URMILA-PC,10:09:15,2.902753,4092.8042,0.0,4.27631411E9,5.488427E9,4899455100
URMILA-PC,10:09:15,2.902753,4092.8042,0.0,4.27631411E9,5.488427E9,20121004200
DESKTOP-Q00J1OI,10:09:16,48.95095,21670.977,3232.2637,3.40688896E8,1.70238689E10,20584144700
URMILA-PC,10:09:25,2.223345,4279.5825,12.790384,4.27508941E9,5.4858138E9,22204386100
DESKTOP-Q00J1OI,10:09:26,50.38392,15893.259,225.64589,3.51268864E8,1.70409738E10,4541080600
DESKTOP-Q00J1OI,10:09:26,50.38392,15893.259,225.64589,3.51268864E8,1.70409738E10,4540894700
URMILA-PC,10:09:25,2.223345,4279.5825,12.790384,4.27508941E9,5.4858138E9,4542250600
DESKTOP-Q00J1OI,10:09:26,50.38392,15893.259,225.64589,3.51268864E8,1.70409738E10,4540235900
URMILA-PC,10:09:25,2.223345,4279.5825,12.790384,4.27508941E9,5.4858138E9,4540383500
URMILA-PC,10:09:25,2.223345,4279.5825,12.790384,4.27508941E9,5.4858138E9,9541085700
URMILA-PC,10:09:25,2.223345,4279.5825,12.790384,4.27508941E9,5.4858138E9,790645700
DESKTOP-Q00J1OI,10:10:17,25.52818,1216.862,0.799384,7.8252032E8,1.65794857E10,44984739500
URMILA-PC,10:10:15,3.668017,4134.955,0.0,4.26848666E9,5.4736896E9,20103937700
DESKTOP-Q00J1OI,10:10:17,25.52818,1216.862,0.799384,7.8252032E8,1.65794857E10,20686798600
DESKTOP-Q00J1OI,10:10:38,24.610731,7834.6104,294.78534,7.8084915E8,1.65700854E10,3918139800
URMILA-PC,10:10:45,1.677212,4093.0933,0.0,4.25819341E9,5.485056E9,3917993800
URMILA-PC,10:10:45,1.677212,4093.0933,0.0,4.25819341E9,5.485056E9,3919585000
DESKTOP-Q00J1OI,10:10:38,24.610731,7834.6104,294.78534,7.8084915E8,1.65700854E10,3918964500
URMILA-PC,10:11:15,1.604606,3257.76,0.0,4.24840397E9,5.4858875E9,28017061100
DESKTOP-Q00J1OI,10:11:09,29.352743,4518.586,303.35736,7.7495501E8,1.65238006E10,139173224700
URMILA-PC,10:11:15,1.604606,3257.76,0.0,4.24840397E9,5.4858875E9,20050137700
DESKTOP-Q00J1OI,10:11:09,29.352743,4518.586,303.35736,7.7495501E8,1.65238006E10,20933593100
DESKTOP-Q00J1OI,10:11:09,29.352743,4518.586,303.35736,7.7495501E8,1.65238006E10,7424286400
URMILA-PC,10:11:25,1.994802,4184.7876,0.799654,4.26023731E9,5.4874931E9,6128223200
URMILA-PC,10:11:25,1.994802,4184.7876,0.799654,4.26023731E9,5.4874931E9,201658400
DESKTOP-Q00J1OI,10:11:09,29.352743,4518.586,303.35736,7.7495501E8,1.65238006E10,200185400
DESKTOP-Q00J1OI,10:11:09,29.352743,4518.586,303.35736,7.7495501E8,1.65238006E10,644627400
DESKTOP-Q00J1OI,10:11:09,29.352743,4518.586,303.35736,7.7495501E8,1.65238006E10,3818888300
DESKTOP-Q00J1OI,10:11:09,29.352743,4518.586,303.35736,7.7495501E8,1.65238006E10,20441010300
DESKTOP-Q00J1OI,10:11:09,29.352743,4518.586,303.35736,7.7495501E8,1.65238006E10,3757971200
URMILA-PC,10:11:55,2.36842,4333.269,12.792528,4.23041843E9,5.5199785E9,7162153300
URMILA-PC,10:12:15,2.056449,4290.979,1.599619,4.23401472E9,5.515391E9,42118902700
URMILA-PC,10:12:15,2.056449,4290.979,1.599619,4.23401472E9,5.515391E9,42122767800
URMILA-PC,10:12:15,2.056449,4290.979,1.599619,4.23401472E9,5.515391E9,763587400
URMILA-PC,10:12:25,3.812952,5454.2524,12.760351,4.23543194E9,5.5136215E9,20824198600
DESKTOP-Q00J1OI,10:11:09,29.352743,4518.586,303.35736,7.7495501E8,1.65238006E10,21034794600
URMILA-PC,10:12:35,1.412203,3541.6084,0.199978,4.23838106E9,5.5110287E9,61561382600
DESKTOP-Q00J1OI,10:11:09,29.352743,4518.586,303.35736,7.7495501E8,1.65238006E10,21007435700
URMILA-PC,10:12:35,1.412203,3541.6084,0.199978,4.23838106E9,5.5110287E9,53456207500
DESKTOP-Q00J1OI,10:11:09,29.352743,4518.586,303.35736,7.7495501E8,1.65238006E10,91786071000
URMILA-PC,10:13:25,1.639777,3640.4377,0.0,4.25257779E9,5.4885663E9,20789875700
DESKTOP-Q00J1OI,10:11:09,29.352743,4518.586,303.35736,7.7495501E8,1.65238006E10,21022145200
DESKTOP-Q00J1OI,10:11:09,29.352743,4518.586,303.35736,7.7495501E8,1.65238006E10,21005829500
URMILA-PC,10:14:25,2.692113,4744.914,0.39969,4.18602598E9,5.54496E9,20721778900
DESKTOP-Q00J1OI,10:11:09,29.352743,4518.586,303.35736,7.7495501E8,1.65238006E10,21007800900
DESKTOP-Q00J1OI,10:11:09,29.352743,4518.586,303.35736,7.7495501E8,1.65238006E10,21001960600
URMILA-PC,10:14:45,2.918114,5358.7847,78.17643,4.19990733E9,5.4965084E9,798454900
URMILA-PC,10:14:55,2.924321,3921.699,1.198197,4.2033111E9,5.4962135E9,7179435500
URMILA-PC,10:14:55,2.924321,3921.699,1.198197,4.2033111E9,5.4962135E9,4755164900
URMILA-PC,10:15:05,12.141785,10138.075,77.96981,4.18645197E9,5.5141704E9,111188545900
DESKTOP-Q00J1OI,10:11:09,29.352743,4518.586,303.35736,7.7495501E8,1.65238006E10,21007454700
DESKTOP-Q00J1OI,10:11:09,29.352743,4518.586,303.35736,7.7495501E8,1.65238006E10,21000845500
DESKTOP-Q00J1OI,10:11:09,29.352743,4518.586,303.35736,7.7495501E8,1.65238006E10,21005252400
DESKTOP-Q00J1OI,10:11:09,29.352743,4518.586,303.35736,7.7495501E8,1.65238006E10,21015173300
DESKTOP-Q00J1OI,10:11:09,29.352743,4518.586,303.35736,7.7495501E8,1.65238006E10,21006898700
DESKTOP-Q00J1OI,10:11:09,29.352743,4518.586,303.35736,7.7495501E8,1.65238006E10,21006398900
URMILA-PC,10:15:25,3.341034,4506.7563,12.756288,4.23051264E9,5.472002E9,20195132400
URMILA-PC,10:15:25,3.341034,4506.7563,12.756288,4.23051264E9,5.472002E9,36063206200
DESKTOP-Q00J1OI,10:11:09,29.352743,4518.586,303.35736,7.7495501E8,1.65238006E10,21028745200
URMILA-PC,10:15:25,3.341034,4506.7563,12.756288,4.23051264E9,5.472002E9,32575337900
URMILA-PC,10:15:25,3.341034,4506.7563,12.756288,4.23051264E9,5.472002E9,26278803100
URMILA-PC,10:15:25,3.341034,4506.7563,12.756288,4.23051264E9,5.472002E9,852692400
URMILA-PC,10:15:25,3.341034,4506.7563,12.756288,4.23051264E9,5.472002E9,29665909100
URMILA-PC,10:15:35,2.282419,4515.1323,2.198701,4.23131955E9,5.4717604E9,797859600
DESKTOP-Q00J1OI,10:11:09,29.352743,4518.586,303.35736,7.7495501E8,1.65238006E10,21005271100
DESKTOP-Q00J1OI,10:11:09,29.352743,4518.586,303.35736,7.7495501E8,1.65238006E10,21017525100
DESKTOP-Q00J1OI,10:11:09,29.352743,4518.586,303.35736,7.7495501E8,1.65238006E10,21004680100
DESKTOP-Q00J1OI,10:11:09,29.352743,4518.586,303.35736,7.7495501E8,1.65238006E10,21008872300
URMILA-PC,10:16:15,2.165526,4102.26,21.171408,4.24465613E9,5.4479094E9,43995635800
URMILA-PC,10:16:25,2.421048,4035.5383,0.0,4.24819507E9,5.4448824E9,20101910500
DESKTOP-Q00J1OI,10:11:09,29.352743,4518.586,303.35736,7.7495501E8,1.65238006E10,21014010600
URMILA-PC,10:17:25,4.271266,4049.3682,6.998562,4.25363046E9,5.4936003E9,20060751900
DESKTOP-Q00J1OI,10:11:09,29.352743,4518.586,303.35736,7.7495501E8,1.65238006E10,21002071700
DESKTOP-Q00J1OI,17:52:25,15.461077,3612.6892,111.49414,1.08967936E9,1.61800724E10,12516018600
URMILA-PC,17:52:31,4.85373,5407.635,406.0817,4.5210378E9,4.9473864E9,20268265600
URMILA-PC,17:52:41,10.401877,19214.97,2837.66,4.4343869E9,5.0496348E9,32246389500
URMILA-PC,17:52:41,10.401877,19214.97,2837.66,4.4343869E9,5.0496348E9,34246691800
URMILA-PC,17:52:51,6.390695,9182.541,3257.2837,4.4537774E9,5.0307891E9,20301436700
DESKTOP-Q00J1OI,17:52:55,28.084759,2743.5515,9.145172,8.8961434E8,1.64115374E10,7563492800
URMILA-PC,17:52:51,6.390695,9182.541,3257.2837,4.4537774E9,5.0307891E9,7563584800
DESKTOP-Q00J1OI,17:52:55,28.084759,2743.5515,9.145172,8.8961434E8,1.64115374E10,46649093100
DESKTOP-Q00J1OI,17:53:05,44.949852,14805.587,615.87103,8.8156979E8,1.64337705E10,8685955100
URMILA-PC,17:53:01,5.404649,11688.207,1912.2886,4.4330435E9,5.0178499E9,8684979600
DESKTOP-Q00J1OI,17:53:16,24.25468,2147.659,0.798015,8.9726157E8,1.63914424E10,47464839100
URMILA-PC,17:53:51,4.823864,17669.402,605.4163,4.4520448E9,4.9903821E9,20888814200
URMILA-PC,17:53:51,4.823864,17669.402,605.4163,4.4520448E9,4.9903821E9,20007681600
DESKTOP-Q00J1OI,17:54:04,28.492615,3141.3357,17.926588,8.0051405E8,1.64800635E10,23361987900
DESKTOP-Q00J1OI,17:54:04,28.492615,3141.3357,17.926588,8.0051405E8,1.64800635E10,28249153900
URMILA-PC,17:54:21,3.919694,11893.548,483.11356,4.4016148E9,5.0330542E9,20008329000
DESKTOP-Q00J1OI,17:54:35,24.947512,1035.8558,0.199587,7.7098598E8,1.65095793E10,30135794000
URMILA-PC,17:54:51,4.171307,5375.199,52.320175,4.4150784E9,5.0313708E9,20011558500
DESKTOP-Q00J1OI,17:54:57,23.63976,885.9893,1.597456,7.6914278E8,1.65088748E10,20925677800
DESKTOP-Q00J1OI,17:55:19,25.753286,1384.9803,24.756748,7.5412685E8,1.65238784E10,2752373700
DESKTOP-Q00J1OI,17:55:19,25.753286,1384.9803,24.756748,7.5412685E8,1.65238784E10,50344440000
URMILA-PC,17:55:31,3.960093,4606.58,30.157972,4.4197069E9,5.0290647E9,20327202800
URMILA-PC,17:55:41,3.431985,4219.2573,32.174507,4.4128051E9,5.0371011E9,26832707800
DESKTOP-Q00J1OI,17:55:43,24.513557,876.6687,0.0,7.1882752E8,1.65425111E10,27100504600
URMILA-PC,17:55:51,2.629341,4446.33,44.5412,4.4230943E9,5.0203812E9,20506056300
DESKTOP-Q00J1OI,17:55:55,25.648113,1693.3256,1.596159,7.124009E8,1.65474099E10,22685336600
DESKTOP-Q00J1OI,17:56:05,24.00608,988.4616,0.798112,7.0822298E8,1.65528822E10,15177827900
URMILA-PC,17:56:41,1.734763,4367.8413,80.89334,4.43759E9,5.010604E9,51556741900
URMILA-PC,17:56:51,2.79951,4381.382,23.36577,4.4418621E9,5.0116198E9,20008844900
DESKTOP-Q00J1OI,17:56:58,25.13184,887.3284,0.0,7.0145638E8,1.65685453E10,20743249900
URMILA-PC,17:57:31,2.52232,4244.0195,38.976303,4.4469002E9,4.9983365E9,13039193500
URMILA-PC,17:57:51,2.930387,4780.7314,214.34584,4.3629117E9,5.0666209E9,20012016700
DESKTOP-Q00J1OI,17:57:51,26.611362,1002.3654,0.0,1.0597376E9,1.65941289E10,20391169900
DESKTOP-Q00J1OI,08:48:05,15.982936,1702.7521,0.0,1.10976205E9,5.8690765E9,4487321000
mahananda,08:48:12,16.02262,16070.106,377.11832,1.27381504E9,4.0808489E9,4946255900
URMILA-PC,08:48:11,5.362459,10175.12,3712.8735,4.5881344E9,4.8396247E9,8569067700
URMILA-PC,08:48:11,5.362459,10175.12,3712.8735,4.5881344E9,4.8396247E9,8387693000
URMILA-PC,08:48:31,5.280205,6258.948,122.74015,3.88715725E9,5.5334298E9,23810552800
mahananda,08:48:32,37.336067,7417.725,423.26648,9.2739584E8,4.3082957E9,24637421000
mahananda,08:48:32,37.336067,7417.725,423.26648,9.2739584E8,4.3082957E9,24340276100
DESKTOP-Q00J1OI,08:48:36,32.61108,8184.2764,103.24706,1.01187994E9,5.9526881E9,24819101500
DESKTOP-Q00J1OI,08:48:36,32.61108,8184.2764,103.24706,1.01187994E9,5.9526881E9,24525687700
URMILA-PC,08:48:31,5.280205,6258.948,122.74015,3.88715725E9,5.5334298E9,24807775500
DESKTOP-Q00J1OI,08:48:36,32.61108,8184.2764,103.24706,1.01187994E9,5.9526881E9,8070126100
DESKTOP-Q00J1OI,08:48:56,30.02736,3706.9626,88.9687,9.8483405E8,5.9913462E9,2449575500
URMILA-PC,08:49:01,8.154771,24449.037,8729.532,3.9475241E9,5.5549624E9,18055481200
DESKTOP-Q00J1OI,08:49:06,26.920372,3713.831,104.12051,9.8643149E8,5.9865293E9,1481010700
DESKTOP-Q00J1OI,08:49:06,26.920372,3713.831,104.12051,9.8643149E8,5.9865293E9,7725189500
URMILA-PC,08:49:01,8.154771,24449.037,8729.532,3.9475241E9,5.5549624E9,8045278400
URMILA-PC,08:49:01,8.154771,24449.037,8729.532,3.9475241E9,5.5549624E9,9540774400
mahananda,08:49:03,15.565751,11320.017,847.2499,1.07528192E9,4.3343667E9,10667762500
mahananda,08:49:03,15.565751,11320.017,847.2499,1.07528192E9,4.3343667E9,8044852400
DESKTOP-Q00J1OI,08:49:06,26.920372,3713.831,104.12051,9.8643149E8,5.9865293E9,1573577400
mahananda,08:49:03,15.565751,11320.017,847.2499,1.07528192E9,4.3343667E9,7722675400
mahananda,08:49:13,3.885571,369.9655,5.986497,1.10655078E9,4.28653363E9,21608833300
mahananda,08:49:13,3.885571,369.9655,5.986497,1.10655078E9,4.28653363E9,33921063000
URMILA-PC,08:49:11,13.495531,32975.7,12886.685,4.2968105E9,5.1875553E9,4222724500
mahananda,08:49:13,3.885571,369.9655,5.986497,1.10655078E9,4.28653363E9,5543868700
mahananda,08:49:13,3.885571,369.9655,5.986497,1.10655078E9,4.28653363E9,1132556500
URMILA-PC,08:49:11,13.495531,32975.7,12886.685,4.2968105E9,5.1875553E9,21565615400
DESKTOP-Q00J1OI,08:49:16,36.41249,7017.091,56.52501,9.0232422E8,6.0695593E9,21989048600
URMILA-PC,08:49:21,7.857827,20955.266,11794.696,4.18906931E9,5.3057167E9,9814776900
DESKTOP-Q00J1OI,08:49:26,27.313845,4152.5493,113.81224,9.0770637E8,6.0808479E9,9814750200
mahananda,08:49:23,8.8774,1303.3396,16.99139,1.13408E9,4.24863744E9,9458539800
DESKTOP-Q00J1OI,08:49:26,27.313845,4152.5493,113.81224,9.0770637E8,6.0808479E9,6961840000
URMILA-PC,08:49:21,7.857827,20955.266,11794.696,4.18906931E9,5.3057167E9,155834700
mahananda,08:49:23,8.8774,1303.3396,16.99139,1.13408E9,4.24863744E9,24290394700
DESKTOP-Q00J1OI,08:49:26,27.313845,4152.5493,113.81224,9.0770637E8,6.0808479E9,2232888000
mahananda,08:49:23,8.8774,1303.3396,16.99139,1.13408E9,4.24863744E9,2568175200
DESKTOP-Q00J1OI,08:49:37,34.766853,4389.8677,9.976519,8.1523507E8,6.1831619E9,2042169500
DESKTOP-Q00J1OI,08:49:37,34.766853,4389.8677,9.976519,8.1523507E8,6.1831619E9,20794283300
mahananda,08:49:33,11.848187,1845.245,56.31592,1.13133158E9,4.2536919E9,9329540900
mahananda,08:49:33,11.848187,1845.245,56.31592,1.13133158E9,4.2536919E9,1057556800
URMILA-PC,08:49:41,11.111603,21042.053,9224.437,4.17257882E9,5.2855112E9,1050864300
URMILA-PC,08:49:41,11.111603,21042.053,9224.437,4.17257882E9,5.2855112E9,1976172700
DESKTOP-Q00J1OI,08:49:47,18.176584,1225.286,2.995321,8.6187622E8,6.131114E9,1976716000
URMILA-PC,08:49:41,11.111603,21042.053,9224.437,4.17257882E9,5.2855112E9,20580418100
URMILA-PC,08:49:41,11.111603,21042.053,9224.437,4.17257882E9,5.2855112E9,45091547900
URMILA-PC,08:49:41,11.111603,21042.053,9224.437,4.17257882E9,5.2855112E9,45134936200
URMILA-PC,08:49:41,11.111603,21042.053,9224.437,4.17257882E9,5.2855112E9,53966575900
DESKTOP-Q00J1OI,08:49:47,18.176584,1225.286,2.995321,8.6187622E8,6.131114E9,54728967500
DESKTOP-Q00J1OI,08:49:47,18.176584,1225.286,2.995321,8.6187622E8,6.131114E9,568706800
DESKTOP-Q00J1OI,08:49:47,18.176584,1225.286,2.995321,8.6187622E8,6.131114E9,5974360900
URMILA-PC,08:49:51,8.078783,18831.066,6578.338,4.21430886E9,5.2368712E9,5976266800
mahananda,08:49:53,7.924168,4075.4792,70.914375,1.05957786E9,4.3133379E9,6324717200
DESKTOP-Q00J1OI,08:49:47,18.176584,1225.286,2.995321,8.6187622E8,6.131114E9,61238853800
URMILA-PC,08:49:51,8.078783,18831.066,6578.338,4.21430886E9,5.2368712E9,6327705200
mahananda,08:49:53,7.924168,4075.4792,70.914375,1.05957786E9,4.3133379E9,6428022100
URMILA-PC,08:49:51,8.078783,18831.066,6578.338,4.21430886E9,5.2368712E9,2170538700
DESKTOP-Q00J1OI,08:49:57,22.997246,1739.3354,5.787142,8.067113E8,6.1946757E9,33786760900
DESKTOP-Q00J1OI,08:49:57,22.997246,1739.3354,5.787142,8.067113E8,6.1946757E9,20256327200
mahananda,08:49:53,7.924168,4075.4792,70.914375,1.05957786E9,4.3133379E9,63941633000
mahananda,08:49:53,7.924168,4075.4792,70.914375,1.05957786E9,4.3133379E9,34076425800
URMILA-PC,08:50:01,30.03072,41957.535,10972.457,4.11849933E9,5.3200445E9,34502151900
mahananda,08:50:04,34.4692,20803.746,878.739,7.9205171E8,4.4226109E9,2186492700
DESKTOP-Q00J1OI,08:49:57,22.997246,1739.3354,5.787142,8.067113E8,6.1946757E9,4672180600
DESKTOP-Q00J1OI,08:50:07,47.784874,11414.708,133.47386,7.5504845E8,6.2576312E9,7235813500
URMILA-PC,08:50:04,30.03072,41957.535,10972.457,4.11849933E9,5.3200445E9,7235670300
URMILA-PC,08:50:01,30.03072,41957.535,10972.457,4.11849933E9,5.3200445E9,7234886100
DESKTOP-Q00J1OI,08:50:07,47.784874,11414.708,133.47386,7.5504845E8,6.2576312E9,7234866300
DESKTOP-Q00J1OI,08:50:07,47.784874,11414.708,133.47386,7.5504845E8,6.2576312E9,244942000
mahananda,08:50:04,34.4692,20803.746,878.739,7.9205171E8,4.4226109E9,7238800500
mahananda,08:50:04,34.4692,20803.746,878.739,7.9205171E8,4.4226109E9,7236321700
mahananda,08:50:14,43.3686,10881.371,1447.5438,8.8294195E8,4.4339855E9,8773556500
DESKTOP-Q00J1OI,08:50:07,47.784874,11414.708,133.47386,7.5504845E8,6.2576312E9,9209547000
mahananda,08:50:14,43.3686,10881.371,1447.5438,8.8294195E8,4.4339855E9,6996635600
URMILA-PC,08:50:21,16.802727,16258.029,2722.4978,4.19844096E9,5.2675256E9,3915334600
DESKTOP-Q00J1OI,08:50:17,24.015467,2157.8716,15.362066,8.0049357E8,6.2025769E9,3915192200
mahananda,08:50:24,15.527269,4115.697,33.74504,8.5945139E8,4.4369797E9,34608608900
mahananda,08:50:24,15.527269,4115.697,33.74504,8.5945139E8,4.4369797E9,34640230100
URMILA-PC,08:50:21,16.802727,16258.029,2722.4978,4.19844096E9,5.2675256E9,67174905400
URMILA-PC,08:50:21,16.802727,16258.029,2722.4978,4.19844096E9,5.2675256E9,21352791800
URMILA-PC,08:50:21,16.802727,16258.029,2722.4978,4.19844096E9,5.2675256E9,34898479400
DESKTOP-Q00J1OI,08:50:17,24.015467,2157.8716,15.362066,8.0049357E8,6.2025769E9,35216518500
mahananda,08:50:24,15.527269,4115.697,33.74504,8.5945139E8,4.4369797E9,44469308200
URMILA-PC,08:50:21,16.802727,16258.029,2722.4978,4.19844096E9,5.2675256E9,20386627900
mahananda,08:50:24,15.527269,4115.697,33.74504,8.5945139E8,4.4369797E9,4945759900
URMILA-PC,08:50:21,16.802727,16258.029,2722.4978,4.19844096E9,5.2675256E9,4874083700
mahananda,08:50:24,15.527269,4115.697,33.74504,8.5945139E8,4.4369797E9,9912865800
DESKTOP-Q00J1OI,08:50:27,36.019844,5538.5576,84.92402,7.6170035E8,6.2546452E9,9913012500
DESKTOP-Q00J1OI,08:50:27,36.019844,5538.5576,84.92402,7.6170035E8,6.2546452E9,6176767700
URMILA-PC,08:50:31,21.01279,28003.518,6353.968,4.19210035E9,5.2782285E9,6177049900
mahananda,08:50:44,7.447015,2111.4697,16.18214,8.9461965E8,4.4746424E9,6745458900
URMILA-PC,08:50:51,16.200712,15795.995,608.5221,4.03921306E9,5.3701919E9,6745387400
DESKTOP-Q00J1OI,08:50:48,21.252903,1113.7521,12.175426,8.5272166E8,6.1776036E9,3997628700
mahananda,08:50:55,13.922284,6106.7583,187.99553,9.5222579E8,4.4033024E9,27635377000
URMILA-PC,08:50:51,16.200712,15795.995,608.5221,4.03921306E9,5.3701919E9,29290306500
DESKTOP-Q00J1OI,08:50:58,14.804683,1022.86896,0.399091,8.4892877E8,6.1809418E9,29357522200
DESKTOP-Q00J1OI,08:50:58,14.804683,1022.86896,0.399091,8.4892877E8,6.1809418E9,29649873600
mahananda,08:50:55,13.922284,6106.7583,187.99553,9.5222579E8,4.4033024E9,29638002200
URMILA-PC,08:50:51,16.200712,15795.995,608.5221,4.03921306E9,5.3701919E9,29998901000
DESKTOP-Q00J1OI,08:50:58,14.804683,1022.86896,0.399091,8.4892877E8,6.1809418E9,31976875000
mahananda,08:50:55,13.922284,6106.7583,187.99553,9.5222579E8,4.4033024E9,32141968300
URMILA-PC,08:51:01,32.25748,38184.953,10024.272,4.13069312E9,5.3267948E9,484737400
DESKTOP-Q00J1OI,08:50:58,14.804683,1022.86896,0.399091,8.4892877E8,6.1809418E9,2947502100
mahananda,08:51:05,9.224481,1911.4451,33.968815,8.7468851E8,4.4954173E9,2904289000
DESKTOP-Q00J1OI,08:51:08,24.785269,4856.2607,4.988762,7.9566848E8,6.2423941E9,41865809400
URMILA-PC,08:51:11,19.478806,12496.479,2562.6475,4.16019661E9,5.2844339E9,43084199000
URMILA-PC,08:51:11,19.478806,12496.479,2562.6475,4.16019661E9,5.2844339E9,42977394600
mahananda,08:51:15,35.45387,15711.609,284.71747,1.12049766E9,4.4838257E9,4626824700
DESKTOP-Q00J1OI,08:51:08,24.785269,4856.2607,4.988762,7.9566848E8,6.2423941E9,4731474000
DESKTOP-Q00J1OI,08:51:08,24.785269,4856.2607,4.988762,7.9566848E8,6.2423941E9,1821715100
mahananda,08:51:25,24.04735,6952.092,146.8794,1.11164621E9,4.4848783E9,8926911300
DESKTOP-Q00J1OI,08:51:18,37.946434,5007.032,32.768795,7.3324954E8,6.2759444E9,5944950300
URMILA-PC,08:51:21,17.769548,14667.962,2425.3684,4.12787507E9,5.3449933E9,5945094800
mahananda,08:51:25,24.04735,6952.092,146.8794,1.11164621E9,4.4848783E9,82438700
URMILA-PC,08:51:21,17.769548,14667.962,2425.3684,4.12787507E9,5.3449933E9,20331363700
mahananda,08:51:35,24.549053,6242.6387,154.95274,1.10207386E9,4.4936847E9,67670878500
URMILA-PC,08:51:31,17.573734,9707.317,2177.4841,4.14702797E9,5.3231698E9,9775176400
DESKTOP-Q00J1OI,08:51:28,31.99101,3219.423,146.90979,7.2791245E8,6.2840381E9,2770053200
mahananda,08:51:35,24.549053,6242.6387,154.95274,1.10207386E9,4.4936847E9,35498769700
mahananda,08:51:35,24.549053,6242.6387,154.95274,1.10207386E9,4.4936847E9,2370972600
URMILA-PC,08:51:31,17.573734,9707.317,2177.4841,4.14702797E9,5.3231698E9,26569007000
DESKTOP-Q00J1OI,08:51:38,29.567183,2649.3777,29.35322,7.7861683E8,6.2505615E9,1954999300
mahananda,08:51:45,12.960547,10111.728,7.194257,9.9252224E8,4.4630589E9,3664727800
URMILA-PC,08:51:41,17.384583,15513.925,2617.905,4.12624896E9,5.3448294E9,9843607100
URMILA-PC,08:51:51,17.601263,16164.012,305.9693,4.09765888E9,5.3794447E9,4611082700
DESKTOP-Q00J1OI,08:51:48,30.746399,1275.2357,19.048176,7.7830554E8,6.249001E9,4487584600
URMILA-PC,08:52:01,13.230177,12349.626,2603.8237,4.12910387E9,5.3378703E9,20298022200
DESKTOP-Q00J1OI,08:51:59,29.190693,2040.4906,4.392016,7.8543667E8,6.2402191E9,20611641600
mahananda,08:52:05,1.485214,501.19638,18.784872,1.12857907E9,4.4186583E9,9329301400
DESKTOP-Q00J1OI,08:52:09,25.374166,1435.832,9.581529,7.7296026E8,6.256255E9,3707210200
URMILA-PC,08:52:11,9.949484,27967.32,88.49722,4.08246272E9,5.399593E9,6044466900
mahananda,08:52:16,1.439915,396.18048,1.793574,1.13301504E9,4.399788E9,2241058700
URMILA-PC,08:52:11,9.949484,27967.32,88.49722,4.08246272E9,5.399593E9,38042864900
mahananda,08:52:16,1.439915,396.18048,1.793574,1.13301504E9,4.399788E9,40328023700
URMILA-PC,08:52:21,4.643601,13146.334,198.04535,4.07284531E9,5.4139535E9,9235985400
mahananda,08:52:36,2.040402,608.6795,0.399658,1.1894743E9,4.3989852E9,56714877800
DESKTOP-Q00J1OI,08:52:39,33.43782,7655.697,0.999804,1.05193882E9,6.2413947E9,60263181500
URMILA-PC,08:52:41,4.539615,5567.907,0.999122,4.08983962E9,5.3883986E9,1650277000
DESKTOP-Q00J1OI,08:52:49,23.326233,8037.6475,297.9569,1.00653056E9,6.3046738E9,2022303700
mahananda,08:52:57,34.144676,12795.877,279.44788,1.0952663E9,4.5138493E9,8278034900
URMILA-PC,08:52:51,2.85422,4369.7837,0.399195,4.09140019E9,5.3885133E9,2115955200
DESKTOP-Q00J1OI,08:52:59,25.859362,2462.195,6.387017,9.8757427E8,6.325248E9,20756176000
mahananda,08:52:57,34.144676,12795.877,279.44788,1.0952663E9,4.5138493E9,20756235100
DESKTOP-Q00J1OI,08:52:59,25.859362,2462.195,6.387017,9.8757427E8,6.325248E9,20623589900
mahananda,08:53:07,29.139442,5223.309,39.113953,1.08344934E9,4.5132022E9,8233837100
mahananda,08:53:07,29.139442,5223.309,39.113953,1.08344934E9,4.5132022E9,9258557000
DESKTOP-Q00J1OI,08:52:59,25.859362,2462.195,6.387017,9.8757427E8,6.325248E9,8538905300
URMILA-PC,08:53:01,2.227598,5112.277,2.398066,4.09202688E9,5.3931827E9,9084153500
DESKTOP-Q00J1OI,08:52:59,25.859362,2462.195,6.387017,9.8757427E8,6.325248E9,36850888200
DESKTOP-Q00J1OI,08:53:10,39.292168,7350.3115,223.50471,9.1833139E8,6.3948923E9,9722677800
mahananda,08:53:17,18.997494,4335.649,144.44171,1.10737408E9,4.5011681E9,47327248000
mahananda,08:53:17,18.997494,4335.649,144.44171,1.10737408E9,4.5011681E9,10181382900
URMILA-PC,08:53:31,4.711698,5248.5957,9.593412,4.10973389E9,5.3594767E9,36132220800
URMILA-PC,08:53:41,2.268748,4659.582,1.398854,4.10803405E9,5.3594931E9,23609740200
URMILA-PC,08:53:41,2.268748,4659.582,1.398854,4.10803405E9,5.3594931E9,23605010800
URMILA-PC,08:53:41,2.268748,4659.582,1.398854,4.10803405E9,5.3594931E9,58837534400
mahananda,08:53:38,30.690374,10214.853,32.65758,1.06416947E9,4.5082624E9,23693609000
DESKTOP-Q00J1OI,08:53:40,23.775406,1754.2701,1.396712,1.00848435E9,6.2934262E9,20993546300
mahananda,08:53:38,30.690374,10214.853,32.65758,1.06416947E9,4.5082624E9,4549960600
mahananda,08:53:48,13.919915,5760.372,77.915764,1.07574067E9,4.4960727E9,8597372000
URMILA-PC,08:53:51,5.93567,6156.75,0.0,4.1775145E9,5.3471683E9,8478636500
URMILA-PC,08:54:01,3.197249,5181.3164,10.987524,4.1803776E9,5.3446328E9,20427362400
DESKTOP-Q00J1OI,08:54:01,38.02505,6561.656,196.57028,9.40032E8,6.3511224E9,21509870700
DESKTOP-Q00J1OI,08:54:01,38.02505,6561.656,196.57028,9.40032E8,6.3511224E9,2839687900
DESKTOP-Q00J1OI,08:54:01,38.02505,6561.656,196.57028,9.40032E8,6.3511224E9,21055285800
URMILA-PC,08:54:11,3.518321,5205.4146,1.998316,4.1849856E9,5.3441946E9,3699886400
mahananda,08:54:18,6.231884,642.4485,10.38462,1.08417024E9,4.458836E9,59309968600
URMILA-PC,08:54:21,3.512292,5285.343,25.349846,4.19547955E9,5.3259837E9,2474374900
DESKTOP-Q00J1OI,08:54:21,16.11424,3016.278,84.62264,9.5771853E8,6.2901821E9,2474937300
mahananda,08:54:18,6.231884,642.4485,10.38462,1.08417024E9,4.458836E9,2474551300
URMILA-PC,08:54:21,3.512292,5285.343,25.349846,4.19547955E9,5.3259837E9,7546980000
mahananda,08:54:28,5.861394,352.92178,1.998425,1.10371635E9,4.4383683E9,27883311100
mahananda,08:54:28,5.861394,352.92178,1.998425,1.10371635E9,4.4383683E9,20670896900
URMILA-PC,08:54:31,3.454737,6195.559,2.598389,4.19864166E9,5.2916675E9,48934250500
DESKTOP-Q00J1OI,08:54:31,21.927206,1765.8608,2.59568,9.4881792E8,6.3025889E9,76146493100
DESKTOP-Q00J1OI,08:54:31,21.927206,1765.8608,2.59568,9.4881792E8,6.3025889E9,1775668600
URMILA-PC,08:54:31,3.454737,6195.559,2.598389,4.19864166E9,5.2916675E9,3264849000
DESKTOP-Q00J1OI,08:54:41,23.389664,882.87744,13.950659,9.4632346E8,6.2920622E9,20216232500
mahananda,08:54:38,18.785723,5046.344,820.4529,1.06648371E9,4.4755354E9,20236074500
mahananda,08:54:58,11.803265,2776.011,462.20184,1.07738317E9,4.4405228E9,20120273800
URMILA-PC,08:55:01,2.234504,5484.313,22.553583,4.19246899E9,5.3004902E9,20008631500
DESKTOP-Q00J1OI,08:55:01,9.052417,852.84375,0.399365,9.5526502E8,6.2811136E9,20307256100
DESKTOP-Q00J1OI,08:55:22,3.750939,960.3871,1.398816,9.4552064E8,6.2724956E9,69812053900
URMILA-PC,08:55:21,3.226046,4307.8105,130.11574,4.14246093E9,5.3505188E9,12005627800
DESKTOP-Q00J1OI,08:55:22,3.750939,960.3871,1.398816,9.4552064E8,6.2724956E9,1778868100
mahananda,08:55:29,1.564151,444.08047,5.590941,1.08087296E9,4.4432425E9,2246629300
DESKTOP-Q00J1OI,08:55:29,24.4036,2337.2354,5.791663,9.1742618E8,6.3042888E9,3474804300
URMILA-PC,08:55:31,2.084523,4842.46,110.80916,4.15102157E9,5.3387059E9,3506869900
URMILA-PC,08:55:41,3.994644,4981.9883,95.51541,4.13136486E9,5.351338E9,20533063700
mahananda,08:55:39,2.114039,298.19498,12.999781,1.14981274E9,4.4391219E9,20584825100
mahananda,08:55:49,5.036046,321.79187,0.798491,1.14712986E9,4.4417802E9,9380774000
DESKTOP-Q00J1OI,08:55:52,29.443796,2062.8467,0.398695,8.7433626E8,6.3544197E9,9383338900
URMILA-PC,08:55:51,5.729957,6291.957,1313.2727,4.09308774E9,5.3593539E9,9380166900
URMILA-PC,08:56:01,2.015274,4905.283,85.142426,4.09832653E9,5.3729116E9,20907445700
mahananda,08:55:59,4.020371,243.11282,0.0,1.14511462E9,4.438913E9,21418548200
DESKTOP-Q00J1OI,08:56:02,27.034721,4181.853,12.957405,8.4846592E8,6.3726346E9,33050132300
mahananda,08:56:09,5.607094,3892.0408,61.708687,1.13197056E9,4.4426527E9,9992151100
URMILA-PC,08:56:11,5.779614,6531.303,1156.9406,4.09314509E9,5.3593334E9,6648359100
DESKTOP-Q00J1OI,08:56:23,31.641844,4034.0015,97.07809,8.3311002E8,6.3805194E9,20372157400
DESKTOP-Q00J1OI,08:56:23,31.641844,4034.0015,97.07809,8.3311002E8,6.3805194E9,8864160800
mahananda,08:56:19,8.807816,2134.836,233.85341,1.13218765E9,4.439937E9,8859555700
mahananda,08:56:29,4.792343,1000.3063,6.592792,1.13333862E9,4.4337725E9,4414946800
URMILA-PC,08:56:31,6.023122,14150.783,470.75992,4.06240461E9,5.411799E9,13116563200
DESKTOP-Q00J1OI,08:56:33,29.445786,2027.9568,3.987332,8.369111E8,6.3743959E9,13116323700
mahananda,08:56:40,10.550552,2183.295,240.969,1.17386035E9,4.4436111E9,97398038600
mahananda,08:56:40,10.550552,2183.295,240.969,1.17386035E9,4.4436111E9,5432607700
URMILA-PC,08:56:51,2.59619,4118.8228,42.525894,4.09269862E9,5.3706506E9,4294375200
DESKTOP-Q00J1OI,08:56:53,26.8704,2085.0933,5.993944,8.3974554E8,6.3543992E9,20039862100
URMILA-PC,08:57:01,1.803628,4806.1475,45.94023,4.09891635E9,5.3675704E9,20885564200
URMILA-PC,08:57:11,1.297909,6425.5493,550.0711,4.09926042E9,5.354111E9,3357778200
URMILA-PC,08:57:21,1.597505,4402.061,33.53647,4.09683968E9,5.351465E9,101817700
DESKTOP-Q00J1OI,08:57:13,25.337337,5986.2847,465.68637,8.0956621E8,6.36851E9,1798180100
DESKTOP-Q00J1OI,08:57:23,47.855972,10301.103,517.35315,7.1660339E8,6.4680919E9,4504599600
mahananda,08:57:20,44.455807,10169.987,2662.8167,1.10052966E9,4.472918E9,1562626400
mahananda,08:57:30,44.455055,12612.245,2052.4456,1.10458061E9,4.4685558E9,3693572600
mahananda,08:57:40,40.14851,11371.505,2577.089,1.10770995E9,4.4535767E9,20491864400
mahananda,08:57:40,40.14851,11371.505,2577.089,1.10770995E9,4.4535767E9,44944156800
DESKTOP-Q00J1OI,08:57:43,31.11742,5752.712,306.95187,8.121385E8,6.4746824E9,45463964500
URMILA-PC,08:57:41,1.730521,4637.0493,82.95437,4.10799718E9,5.3278065E9,20561264400
DESKTOP-Q00J1OI,08:57:43,31.11742,5752.712,306.95187,8.121385E8,6.4746824E9,20945175400
URMILA-PC,08:58:01,1.972355,4570.018,83.54914,4.1139159E9,5.320663E9,20011291800
DESKTOP-Q00J1OI,08:57:54,34.167004,5274.493,214.68631,8.2055987E8,6.4522609E9,20406480800
URMILA-PC,08:58:41,1.968185,4600.4565,97.265884,4.11693875E9,5.3245952E9,22076670400
mahananda,08:58:41,25.422743,6473.1714,205.30096,1.09966541E9,4.5080617E9,22407143700
URMILA-PC,08:58:41,1.968185,4600.4565,97.265884,4.11693875E9,5.3245952E9,7078451400
DESKTOP-Q00J1OI,08:58:46,31.125933,2887.6328,156.15302,7.8188954E8,6.4552182E9,28081369000
mahananda,08:58:51,23.701872,9763.165,364.10645,1.07871846E9,4.5240484E9,28081487200
URMILA-PC,08:58:51,3.714295,5689.585,79.53269,4.11220378E9,5.3240095E9,3321717700
mahananda,08:58:51,23.701872,9763.165,364.10645,1.07871846E9,4.5240484E9,3320127100
DESKTOP-Q00J1OI,08:58:56,32.206577,3035.4128,293.57568,7.6795904E8,6.4622305E9,3320650600
mahananda,08:58:51,23.701872,9763.165,364.10645,1.07871846E9,4.5240484E9,3435695500
DESKTOP-Q00J1OI,08:58:56,32.206577,3035.4128,293.57568,7.6795904E8,6.4622305E9,20556356900
mahananda,08:59:01,34.29903,11104.105,382.1356,1.03890125E9,4.54511E9,20684547500
DESKTOP-Q00J1OI,08:58:56,32.206577,3035.4128,293.57568,7.6795904E8,6.4622305E9,8849736300
URMILA-PC,08:59:01,3.538284,7099.6084,57.361286,4.07719117E9,5.3786952E9,8851204100
URMILA-PC,08:59:01,3.538284,7099.6084,57.361286,4.07719117E9,5.3786952E9,21158337600
DESKTOP-Q00J1OI,08:59:06,39.27304,5728.9062,244.05074,7.3315533E8,6.4963092E9,2399924300
mahananda,08:59:01,34.29903,11104.105,382.1356,1.03890125E9,4.54511E9,8234562600
URMILA-PC,08:59:01,3.538284,7099.6084,57.361286,4.07719117E9,5.3786952E9,8050019700
mahananda,08:59:11,23.784744,6383.7837,176.33437,1.04071578E9,4.5456916E9,1722583200
DESKTOP-Q00J1OI,08:59:16,31.114544,3460.0361,175.34843,7.2876851E8,6.4934748E9,1264942000
URMILA-PC,08:59:21,2.757164,19660.385,7070.263,4.06628762E9,5.3752463E9,14947669400
mahananda,08:59:21,9.164339,2328.41,0.599333,1.05165619E9,4.5476168E9,4850922900
DESKTOP-Q00J1OI,08:59:26,30.163185,5773.607,35.197605,7.4964173E8,6.4797573E9,46458306500
URMILA-PC,08:59:31,10.790552,134530.58,63801.6,4.07878451E9,5.3754675E9,5902082000
DESKTOP-Q00J1OI,08:59:57,31.55506,3684.2969,22.166891,7.0160794E8,6.5198694E9,7784040300
DESKTOP-Q00J1OI,08:59:57,31.55506,3684.2969,22.166891,7.0160794E8,6.5198694E9,19338954500
DESKTOP-Q00J1OI,08:59:57,31.55506,3684.2969,22.166891,7.0160794E8,6.5198694E9,25134066800
mahananda,09:00:02,13.025551,2084.5938,1.198157,1.07762893E9,4.5105807E9,20140391200
URMILA-PC,09:00:01,3.192707,8908.917,301.78717,4.08305254E9,5.3935718E9,20437759900
URMILA-PC,09:00:01,3.192707,8908.917,301.78717,4.08305254E9,5.3935718E9,1994962100
mahananda,09:00:02,13.025551,2084.5938,1.198157,1.07762893E9,4.5105807E9,6692617200
URMILA-PC,09:00:31,6.400811,6297.0283,367.11014,4.05412659E9,5.4153503E9,57322906100
mahananda,09:00:32,5.702835,369.4814,1.398794,1.0975273E9,4.4685148E9,58549271300
DESKTOP-Q00J1OI,09:00:38,25.747076,6263.7783,126.20212,6.8690739E8,6.5106944E9,9788262000
URMILA-PC,09:00:51,5.174794,13877.536,1891.5918,4.04729856E9,5.4166856E9,7546030100
DESKTOP-Q00J1OI,09:00:58,30.095003,5597.3037,2.992997,6.9395661E8,6.4951378E9,20582403900
mahananda,09:01:02,15.76836,6206.1294,2299.2234,1.15451494E9,4.4657664E9,20586781500
DESKTOP-Q00J1OI,09:01:08,13.107568,2555.791,1.198121,6.8957389E8,6.4971571E9,20051547200
mahananda,09:01:12,15.829923,5307.675,102.04763,1.14139136E9,4.4726313E9,20078717200
DESKTOP-Q00J1OI,09:01:59,9.294362,2046.0999,0.599502,6.4881869E8,6.5347543E9,20044657300
URMILA-PC,09:02:01,8.878447,7116.1196,302.4351,4.03586662E9,5.4185533E9,20595839100
mahananda,09:01:53,7.335245,542.3337,0.599043,1.07884544E9,4.4574638E9,82174404600
URMILA-PC,09:02:11,5.177398,6372.444,208.67046,4.04257997E9,5.4100951E9,20117658500
mahananda,09:02:13,3.118997,271.97958,0.0,1.21639322E9,4.4671427E9,20459482700
URMILA-PC,09:02:51,8.414234,6646.722,500.10822,4.04796621E9,5.4080471E9,137223612000
DESKTOP-Q00J1OI,09:02:50,7.569702,3700.9258,0.0,8.106967E8,6.5481073E9,56449717000
URMILA-PC,09:03:01,8.300206,6268.5317,163.29402,4.04774912E9,5.4079447E9,20012994400
mahananda,09:02:54,7.304426,831.92993,1.997431,1.2166144E9,4.4601098E9,20601446100
mahananda,09:03:14,13.234398,901.8935,4.993873,1.21705677E9,4.460503E9,20068080300
DESKTOP-Q00J1OI,09:03:11,16.313799,1698.7144,0.0,7.4174054E8,6.643458E9,20651444100
URMILA-PC,09:03:31,4.834469,5498.2593,154.48929,4.09330893E9,5.4166733E9,26405072600
mahananda,09:03:54,7.127765,241.3556,25.531832,1.1770839E9,4.4722995E9,20063571000
DESKTOP-Q00J1OI,09:03:52,3.359453,1382.0985,0.0,7.7758874E8,6.5605632E9,50157355900
URMILA-PC,09:04:01,5.583393,9643.69,273.5813,4.08238899E9,5.4197166E9,20594716800
DESKTOP-Q00J1OI,09:04:03,11.272708,2375.6455,0.598802,7.7116211E8,6.5691771E9,21025110500
URMILA-PC,09:04:11,12.355902,12582.133,309.78168,4.04806451E9,5.4701629E9,20008763200
mahananda,09:04:14,4.682009,419.7406,8.985883,1.17436006E9,4.4609782E9,20068228200
DESKTOP-Q00J1OI,09:04:13,8.354577,1369.1246,0.399336,7.6465357E8,6.5690788E9,20822801200
DESKTOP-Q00J1OI,09:04:44,7.825474,1303.9287,0.599416,7.2290714E8,6.5921925E9,2378286400
mahananda,09:04:55,17.693027,10377.163,1219.2568,1.17849293E9,4.4497674E9,20018589600
URMILA-PC,09:05:01,7.027053,14020.715,413.26736,4.09519309E9,5.4108652E9,20894668100
URMILA-PC,09:05:11,6.805701,8614.449,283.45026,4.10125926E9,5.4082437E9,20013591500
mahananda,09:05:15,15.555647,5644.714,74.92452,1.17321728E9,4.4697641E9,20462391500
DESKTOP-Q00J1OI,09:05:16,6.617618,1720.9205,22.09626,7.0261965E8,6.6087813E9,20903462200
mahananda,09:05:15,15.555647,5644.714,74.92452,1.17321728E9,4.4697641E9,36205319800
mahananda,09:05:37,12.45182,357.71823,10.169247,1.17741568E9,4.4522742E9,2031624000
URMILA-PC,09:05:51,8.186054,11449.9,167.8871,4.04303872E9,5.4269747E9,18064849100
DESKTOP-Q00J1OI,09:05:46,11.181886,1574.5958,0.998982,6.9153587E8,6.614786E9,20645713500
URMILA-PC,09:05:51,8.186054,11449.9,167.8871,4.04303872E9,5.4269747E9,23223305900
mahananda,09:05:57,22.089552,7415.4287,182.68045,1.12901325E9,4.5420544E9,26811312900
URMILA-PC,09:06:01,11.875943,15277.267,287.26962,4.02233754E9,5.4572278E9,16459241800
mahananda,09:05:57,22.089552,7415.4287,182.68045,1.12901325E9,4.5420544E9,16479603100
URMILA-PC,09:06:01,11.875943,15277.267,287.26962,4.02233754E9,5.4572278E9,2010400000
mahananda,09:06:07,7.716475,5905.503,94.261185,1.09910016E9,4.5501235E9,2013788300
URMILA-PC,09:06:01,11.875943,15277.267,287.26962,4.02233754E9,5.4572278E9,2407643800
mahananda,09:06:07,7.716475,5905.503,94.261185,1.09910016E9,4.5501235E9,2408670400
DESKTOP-Q00J1OI,09:06:07,19.08192,4765.768,4.789316,6.8174643E8,6.6322596E9,2568427200
DESKTOP-Q00J1OI,09:06:07,19.08192,4765.768,4.789316,6.8174643E8,6.6322596E9,2013905900
DESKTOP-Q00J1OI,09:06:17,30.780418,11515.26,347.56876,6.4424755E8,6.6817597E9,6468490300
DESKTOP-Q00J1OI,09:06:17,30.780418,11515.26,347.56876,6.4424755E8,6.6817597E9,20449478600
mahananda,09:06:17,21.628801,9020.36,86.24664,1.17131264E9,4.5483254E9,45049316900
DESKTOP-Q00J1OI,09:06:17,30.780418,11515.26,347.56876,6.4424755E8,6.6817597E9,48642392700
URMILA-PC,09:06:21,7.089275,9171.109,289.82648,4.0938537E9,5.3918024E9,22892054600
URMILA-PC,09:06:21,7.089275,9171.109,289.82648,4.0938537E9,5.3918024E9,5942915700
mahananda,09:06:27,21.574493,5070.091,93.0915,1.15354829E9,4.5914767E9,7801595600
URMILA-PC,09:06:21,7.089275,9171.109,289.82648,4.0938537E9,5.3918024E9,53355627300
DESKTOP-Q00J1OI,09:06:27,31.107405,4918.906,88.779564,6.3759974E8,6.6749153E9,46253770300
mahananda,09:06:37,8.67967,3470.1587,60.29156,1.16362035E9,4.5571236E9,8599605800
DESKTOP-Q00J1OI,09:06:38,34.87602,10045.198,190.0783,5.4089318E8,6.8031693E9,38018173700
mahananda,09:06:37,8.67967,3470.1587,60.29156,1.16362035E9,4.5571236E9,38024030800
mahananda,09:06:37,8.67967,3470.1587,60.29156,1.16362035E9,4.5571236E9,38292661900
DESKTOP-Q00J1OI,09:06:38,34.87602,10045.198,190.0783,5.4089318E8,6.8031693E9,6611987500
mahananda,09:06:47,5.098968,9286.679,0.998997,1.01595546E9,4.5473669E9,6654469400
DESKTOP-Q00J1OI,09:06:38,34.87602,10045.198,190.0783,5.4089318E8,6.8031693E9,6654641700
URMILA-PC,09:06:41,14.477862,16606.115,560.3787,4.03398246E9,5.4671401E9,6612148700
mahananda,09:06:47,5.098968,9286.679,0.998997,1.01595546E9,4.5473669E9,6923343400
URMILA-PC,09:06:41,14.477862,16606.115,560.3787,4.03398246E9,5.4671401E9,6654821600
URMILA-PC,09:06:51,16.420965,19570.34,361.36255,4.01792614E9,5.5125484E9,24872526700
mahananda,09:06:57,8.98269,3119.3635,23.38024,1.1447255E9,4.5196657E9,6434681000
DESKTOP-Q00J1OI,09:06:48,18.064503,1398.432,0.199576,5.8404864E8,6.7516989E9,6436801800
URMILA-PC,09:06:51,16.420965,19570.34,361.36255,4.01792614E9,5.5125484E9,63318295200
DESKTOP-Q00J1OI,09:06:58,19.3929,3382.7422,86.813736,5.5289856E8,6.7978035E9,85840435600
DESKTOP-Q00J1OI,09:06:58,19.3929,3382.7422,86.813736,5.5289856E8,6.7978035E9,38642782800
URMILA-PC,09:07:01,15.600854,20226.639,473.88693,3.99771648E9,5.5380009E9,21497817200
DESKTOP-Q00J1OI,09:06:58,19.3929,3382.7422,86.813736,5.5289856E8,6.7978035E9,5292366400
URMILA-PC,09:07:01,15.600854,20226.639,473.88693,3.99771648E9,5.5380009E9,9194838300
URMILA-PC,09:07:11,5.047432,5236.8145,99.30925,4.01269146E9,5.5133594E9,74350660800
mahananda,09:07:18,7.397926,421.7976,0.998574,1.13041408E9,4.5453353E9,44663752300
DESKTOP-Q00J1OI,09:07:18,24.7476,2139.0232,86.838554,4.43629568E8,6.9487206E9,21304124900
URMILA-PC,09:07:21,6.242916,5622.212,161.87941,4.09703629E9,5.4155674E9,15636547000
mahananda,09:07:18,7.397926,421.7976,0.998574,1.13041408E9,4.5453353E9,14829426000
DESKTOP-Q00J1OI,09:07:18,24.7476,2139.0232,86.838554,4.43629568E8,6.9487206E9,15658181900
DESKTOP-Q00J1OI,09:07:18,24.7476,2139.0232,86.838554,4.43629568E8,6.9487206E9,14560385000
mahananda,09:07:18,7.397926,421.7976,0.998574,1.13041408E9,4.5453353E9,15759339600
URMILA-PC,09:07:21,6.242916,5622.212,161.87941,4.09703629E9,5.4155674E9,14668850800
URMILA-PC,09:07:31,7.312437,5082.1333,176.10759,4.06143795E9,5.4742917E9,20618709600
URMILA-PC,09:07:31,7.312437,5082.1333,176.10759,4.06143795E9,5.4742917E9,8988713600
mahananda,09:07:28,36.618076,7999.3193,99.78195,1.09572096E9,4.5915628E9,8997771300
DESKTOP-Q00J1OI,09:07:28,40.352417,11563.884,211.44063,5.09022208E8,7.008256E9,8991328800
mahananda,09:07:28,36.618076,7999.3193,99.78195,1.09572096E9,4.5915628E9,8990193700
DESKTOP-Q00J1OI,09:07:28,40.352417,11563.884,211.44063,5.09022208E8,7.008256E9,9084129100
URMILA-PC,09:07:31,7.312437,5082.1333,176.10759,4.06143795E9,5.4742917E9,8996137200
mahananda,09:07:38,3.267319,461.1271,21.768234,1.14902221E9,4.4952617E9,8852440500
URMILA-PC,09:07:41,6.931022,5347.7256,187.28532,4.04616397E9,5.4866166E9,8867683600
URMILA-PC,09:07:41,6.931022,5347.7256,187.28532,4.04616397E9,5.4866166E9,9239736300
DESKTOP-Q00J1OI,09:07:39,32.5204,4699.0034,697.9905,4.97119232E8,7.0768312E9,9232837700
mahananda,09:07:38,3.267319,461.1271,21.768234,1.14902221E9,4.4952617E9,9232591300
DESKTOP-Q00J1OI,09:07:39,32.5204,4699.0034,697.9905,4.97119232E8,7.0768312E9,8853644300
DESKTOP-Q00J1OI,09:07:49,25.70941,4085.1736,36.797962,7.6804915E8,7.1451402E9,20658052900
mahananda,09:07:48,8.998531,1620.7463,1.198777,1.1398144E9,4.5031793E9,25421197700
DESKTOP-Q00J1OI,09:07:49,25.70941,4085.1736,36.797962,7.6804915E8,7.1451402E9,1105020800
URMILA-PC,09:07:51,11.740998,14704.886,492.46127,4.05559296E9,5.4766223E9,169254500
mahananda,09:07:48,8.998531,1620.7463,1.198777,1.1398144E9,4.5031793E9,41671542500
mahananda,09:07:59,8.772438,1712.295,2.597111,1.1194368E9,4.5460603E9,2887380000
URMILA-PC,09:08:01,12.59734,13769.447,505.45667,4.04843315E9,5.4677135E9,7681765500
mahananda,09:07:59,8.772438,1712.295,2.597111,1.1194368E9,4.5460603E9,11017730900
URMILA-PC,09:08:01,12.59734,13769.447,505.45667,4.04843315E9,5.4677135E9,11134569400
URMILA-PC,09:08:01,12.59734,13769.447,505.45667,4.04843315E9,5.4677135E9,11019610900
mahananda,09:07:59,8.772438,1712.295,2.597111,1.1194368E9,4.5460603E9,9050887900
DESKTOP-Q00J1OI,09:07:59,28.973825,2190.6626,11.77561,6.7498803E8,7.241556E9,11020061300
DESKTOP-Q00J1OI,09:08:09,47.959343,17158.81,261.80652,5.7677414E8,7.326892E9,20524226100
DESKTOP-Q00J1OI,09:08:09,47.959343,17158.81,261.80652,5.7677414E8,7.326892E9,98521058700
DESKTOP-Q00J1OI,09:08:19,24.635391,1363.7375,1.197136,5.9980186E8,7.2929075E9,10959996600
mahananda,09:08:19,6.446866,2508.28,47.141365,1.06707354E9,4.6249656E9,10958940800
URMILA-PC,09:08:21,5.806586,5420.7363,196.86694,4.11733606E9,5.3863178E9,85871181800
mahananda,09:08:49,6.852184,4310.2764,75.69246,1.08768051E9,4.5862994E9,114912104200
URMILA-PC,09:09:01,6.115313,5422.0225,193.87207,4.10185318E9,5.4799483E9,31802196800
URMILA-PC,09:09:01,6.115313,5422.0225,193.87207,4.10185318E9,5.4799483E9,20299617100
mahananda,09:08:59,2.412938,1177.1876,7.78801,1.16888781E9,4.4557025E9,5057502100
URMILA-PC,09:09:01,6.115313,5422.0225,193.87207,4.10185318E9,5.4799483E9,5057310300
mahananda,09:08:59,2.412938,1177.1876,7.78801,1.16888781E9,4.4557025E9,5056014300
DESKTOP-Q00J1OI,09:09:00,21.923286,1711.9893,7.388732,5.7217843E8,7.2928788E9,5057712800
DESKTOP-Q00J1OI,09:09:00,21.923286,1711.9893,7.388732,5.7217843E8,7.2928788E9,5056046000
URMILA-PC,09:09:01,6.115313,5422.0225,193.87207,4.10185318E9,5.4799483E9,5057701200
mahananda,09:09:09,8.92253,1032.1678,0.999001,1.17177139E9,4.5379707E9,29338287700
mahananda,09:09:09,8.92253,1032.1678,0.999001,1.17177139E9,4.5379707E9,22343148200
URMILA-PC,09:09:11,27.50885,85876.82,28367.443,3.87914957E9,5.5759135E9,22847033400
URMILA-PC,09:09:11,27.50885,85876.82,28367.443,3.87914957E9,5.5759135E9,22850022300
DESKTOP-Q00J1OI,09:09:10,40.436485,5368.754,10.76302,5.31677184E8,7.3326756E9,23122711000
DESKTOP-Q00J1OI,09:09:10,40.436485,5368.754,10.76302,5.31677184E8,7.3326756E9,30120261600
DESKTOP-Q00J1OI,09:09:10,40.436485,5368.754,10.76302,5.31677184E8,7.3326756E9,132874300
URMILA-PC,09:09:11,27.50885,85876.82,28367.443,3.87914957E9,5.5759135E9,8973668100
mahananda,09:09:09,8.92253,1032.1678,0.999001,1.17177139E9,4.5379707E9,134302300
URMILA-PC,09:09:11,27.50885,85876.82,28367.443,3.87914957E9,5.5759135E9,134341000
DESKTOP-Q00J1OI,09:09:20,47.36664,15101.51,357.1074,4.53210112E8,7.3909002E9,4919799800
DESKTOP-Q00J1OI,09:09:20,47.36664,15101.51,357.1074,4.53210112E8,7.3909002E9,37455441600
DESKTOP-Q00J1OI,09:09:30,38.842648,3569.9507,0.79771,4.49671168E8,7.3986949E9,8414239100
mahananda,09:09:30,9.558689,3914.937,42.477795,1.18847488E9,4.5218611E9,49240195300
URMILA-PC,09:09:31,23.760216,158716.0,62296.043,3.92805171E9,5.4989292E9,20920366200
mahananda,09:09:40,16.611387,5994.452,33.149414,1.16947763E9,4.547625E9,21481695900
URMILA-PC,09:09:41,8.263826,9062.346,201.26555,3.94886758E9,5.5001252E9,8118213000
mahananda,09:09:40,16.611387,5994.452,33.149414,1.16947763E9,4.547625E9,9557280400
DESKTOP-Q00J1OI,09:09:40,38.510742,5046.104,87.83124,4.73513984E8,7.3732465E9,3924148100
URMILA-PC,09:09:41,8.263826,9062.346,201.26555,3.94886758E9,5.5001252E9,4210761400
mahananda,09:09:50,7.522907,2874.6775,4.595009,1.16186726E9,4.5446513E9,4364443200
DESKTOP-Q00J1OI,09:09:50,39.2476,6741.472,167.26091,4.09870336E8,7.4370458E9,4363466100
URMILA-PC,09:09:51,13.271936,19047.965,376.30298,3.89831475E9,5.5634862E9,4363526800
mahananda,09:09:50,7.522907,2874.6775,4.595009,1.16186726E9,4.5446513E9,4647569700
URMILA-PC,09:09:51,13.271936,19047.965,376.30298,3.89831475E9,5.5634862E9,4538700200
DESKTOP-Q00J1OI,09:10:01,49.801826,10106.992,160.46962,3.5475456E8,7.4965975E9,4991221000
URMILA-PC,09:10:01,14.277641,16018.044,420.4809,3.91748403E9,5.560361E9,11299700
mahananda,09:10:10,2.558091,544.583,9.778149,9.5372493E8,4.6430822E9,2272205200
DESKTOP-Q00J1OI,09:10:11,29.233032,2048.272,9.977942,3.82181376E8,7.4798735E9,2094658000
mahananda,09:10:10,2.558091,544.583,9.778149,9.5372493E8,4.6430822E9,72105871200
DESKTOP-Q00J1OI,09:10:11,29.233032,2048.272,9.977942,3.82181376E8,7.4798735E9,77047756200
URMILA-PC,09:10:11,11.905346,16738.215,416.8766,3.90742016E9,5.5711908E9,3124441300
mahananda,09:10:10,2.558091,544.583,9.778149,9.5372493E8,4.6430822E9,3128360600
DESKTOP-Q00J1OI,09:10:11,29.233032,2048.272,9.977942,3.82181376E8,7.4798735E9,3123058700
DESKTOP-Q00J1OI,09:10:21,40.691208,9107.523,242.21817,3.68099328E8,7.4700022E9,2945809500
mahananda,09:10:21,2.703024,3130.3523,10.38657,1.07821056E9,4.6137836E9,2945726500
DESKTOP-Q00J1OI,09:10:21,40.691208,9107.523,242.21817,3.68099328E8,7.4700022E9,45060852900
mahananda,09:10:21,2.703024,3130.3523,10.38657,1.07821056E9,4.6137836E9,46061126700
URMILA-PC,09:10:21,9.424565,9901.776,338.61453,3.89217894E9,5.579137E9,3113275200
mahananda,09:10:31,0.605479,111.046326,1.198342,1.07819008E9,4.6160282E9,6735800
DESKTOP-Q00J1OI,09:10:31,25.583984,2443.1145,4.388351,3.97180928E8,7.4382254E9,1506258100
URMILA-PC,09:10:31,10.990267,8422.581,345.7939,3.9640023E9,5.5055524E9,790267200
DESKTOP-Q00J1OI,09:10:31,25.583984,2443.1145,4.388351,3.97180928E8,7.4382254E9,4995612700
mahananda,09:10:41,1.883113,823.8573,0.0,1.08582502E9,4.5874627E9,2239212100
URMILA-PC,09:10:51,6.312761,9683.901,295.00204,3.93166029E9,5.511467E9,37927384000
mahananda,09:10:51,0.415172,72.92401,0.0,1.08643123E9,4.5920174E9,39109017700
URMILA-PC,09:11:01,6.312282,9861.497,276.612,3.94412442E9,5.484159E9,6103854700
URMILA-PC,09:11:11,4.010777,4564.582,55.96055,3.94694246E9,5.4896681E9,8267719400
DESKTOP-Q00J1OI,09:11:03,23.0404,2553.2292,0.79857,4.23899136E8,7.4143867E9,8270018400
mahananda,09:11:11,1.524842,289.05737,0.59929,1.07957043E9,4.598571E9,8270176600
DESKTOP-Q00J1OI,09:11:13,21.34183,1183.4578,0.199571,4.30235648E8,7.393919E9,848282700
mahananda,09:11:11,1.524842,289.05737,0.59929,1.07957043E9,4.598571E9,829552500
mahananda,09:11:21,0.902247,247.70026,0.0,1.18720512E9,4.5989192E9,3960371200
URMILA-PC,09:11:21,8.617683,12160.42,407.30594,3.92985395E9,5.6006042E9,1125394400
DESKTOP-Q00J1OI,09:11:23,24.419191,1624.6937,0.0,4.17595392E8,7.4009231E9,4833689200
mahananda,09:11:31,5.712953,1807.9159,1.598511,1.18733619E9,4.6071726E9,4758227300
URMILA-PC,09:11:31,8.000132,12419.317,449.86374,3.91668531E9,5.547049E9,2838421000
mahananda,09:11:41,0.314595,187.84482,0.0,1.1863081E9,4.5994803E9,3937480300
DESKTOP-Q00J1OI,09:11:33,27.527714,3757.4104,0.399003,4.05573632E8,7.4010993E9,4047532400
DESKTOP-Q00J1OI,09:11:43,32.719543,2592.2537,2.39746,3.8766592E8,7.4112696E9,27239363000
mahananda,09:11:41,0.314595,187.84482,0.0,1.1863081E9,4.5994803E9,4800529500
URMILA-PC,09:11:51,8.317536,10185.069,531.5443,3.9197655E9,5.521154E9,2908287500
DESKTOP-Q00J1OI,09:11:54,41.38102,12374.127,286.60617,3.53169408E8,7.4855711E9,14206691600
mahananda,09:11:52,16.998678,3887.447,54.71902,1.11740928E9,4.4862996E9,3147591900
mahananda,09:12:02,12.373764,3811.1782,36.951313,1.22933658E9,4.4608102E9,3665665100
DESKTOP-Q00J1OI,09:11:54,41.38102,12374.127,286.60617,3.53169408E8,7.4855711E9,3770416400
DESKTOP-Q00J1OI,09:12:04,45.228516,8492.058,151.1945,3.29900032E8,7.5082875E9,4725190900
URMILA-PC,09:12:01,12.990167,16457.37,586.7853,3.8846464E9,5.5719404E9,4728828400
mahananda,09:12:02,12.373764,3811.1782,36.951313,1.22933658E9,4.4608102E9,4714482700
URMILA-PC,09:12:01,12.990167,16457.37,586.7853,3.8846464E9,5.5719404E9,4714725500
DESKTOP-Q00J1OI,09:12:04,45.228516,8492.058,151.1945,3.29900032E8,7.5082875E9,20015933500
URMILA-PC,09:12:11,10.493519,16780.098,449.2813,3.88530995E9,5.5894671E9,20966699700
URMILA-PC,09:12:11,10.493519,16780.098,449.2813,3.88530995E9,5.5894671E9,28497313500
DESKTOP-Q00J1OI,09:12:04,45.228516,8492.058,151.1945,3.29900032E8,7.5082875E9,28548979600
DESKTOP-Q00J1OI,09:12:04,45.228516,8492.058,151.1945,3.29900032E8,7.5082875E9,21011157100
DESKTOP-Q00J1OI,09:12:04,45.228516,8492.058,151.1945,3.29900032E8,7.5082875E9,3083852600
mahananda,09:12:12,6.332764,724.9878,72.99877,1.26610637E9,4.4228772E9,3083934800
URMILA-PC,09:12:11,10.493519,16780.098,449.2813,3.88530995E9,5.5894671E9,59639053100
URMILA-PC,09:12:11,10.493519,16780.098,449.2813,3.88530995E9,5.5894671E9,3949941800
DESKTOP-Q00J1OI,09:12:14,50.96706,13468.978,359.5698,2.93359616E8,7.5609498E9,804000400
mahananda,09:12:22,4.669672,400.15256,3.987569,1.26828954E9,4.4227789E9,804273200
mahananda,09:12:22,4.669672,400.15256,3.987569,1.26828954E9,4.4227789E9,804335600
URMILA-PC,09:12:21,13.128528,18331.668,740.83905,3.89016371E9,5.5889756E9,804801200
URMILA-PC,09:12:21,13.128528,18331.668,740.83905,3.89016371E9,5.5889756E9,4903144500
mahananda,09:12:22,4.669672,400.15256,3.987569,1.26828954E9,4.4227789E9,37897492200
DESKTOP-Q00J1OI,09:12:24,39.961796,5612.234,48.303894,3.3726464E8,7.5068948E9,1118260800
mahananda,09:12:32,0.365702,45.86625,1.395929,1.2808233E9,4.4022866E9,3366574100
URMILA-PC,09:12:31,6.818281,11187.487,334.18158,3.88631757E9,5.6110572E9,3363246200
DESKTOP-Q00J1OI,09:12:34,42.993774,6769.7803,138.15063,3.13970688E8,7.5333632E9,21175531900
URMILA-PC,09:12:41,5.097313,8283.789,224.06447,3.91336346E9,5.5727718E9,45577821900
URMILA-PC,09:12:41,5.097313,8283.789,224.06447,3.91336346E9,5.5727718E9,63224331700
URMILA-PC,09:12:41,5.097313,8283.789,224.06447,3.91336346E9,5.5727718E9,9277131900
DESKTOP-Q00J1OI,09:12:44,53.734386,11683.724,155.19179,4.83659776E8,7.56813E9,9275601800
DESKTOP-Q00J1OI,09:12:55,36.070477,6413.9473,232.99466,5.6209818E8,7.5541217E9,4956194600
URMILA-PC,09:12:51,5.330223,9641.628,234.65952,3.95775181E9,5.5374438E9,4956316000
mahananda,09:12:52,8.519342,322.31485,0.199823,1.27840666E9,4.4049203E9,20999870800
mahananda,09:12:52,8.519342,322.31485,0.199823,1.27840666E9,4.4049203E9,20626312600
DESKTOP-Q00J1OI,09:13:15,27.225803,4158.6255,91.25573,5.452759E8,7.5479163E9,8270593000
mahananda,09:13:12,8.0004,516.5879,0.199763,1.26564762E9,4.4264489E9,8270496400
mahananda,09:13:23,18.78646,2377.6277,28.359776,1.25290906E9,4.4381553E9,20115877100
DESKTOP-Q00J1OI,09:13:26,28.531027,2623.553,2.593626,5.5669555E8,7.5246223E9,9007272500
URMILA-PC,09:13:21,5.211919,10240.623,317.20865,3.99292416E9,5.5120937E9,9008200000
mahananda,09:13:23,18.78646,2377.6277,28.359776,1.25290906E9,4.4381553E9,9006353100
URMILA-PC,09:13:21,5.211919,10240.623,317.20865,3.99292416E9,5.5120937E9,21088766600
DESKTOP-Q00J1OI,09:13:26,28.531027,2623.553,2.593626,5.5669555E8,7.5246223E9,11899621400
URMILA-PC,09:13:31,13.298934,22023.893,777.6877,3.92798208E9,5.5956439E9,11899467900
DESKTOP-Q00J1OI,09:13:36,27.282425,3626.458,103.151344,5.21859072E8,7.5579843E9,67591556500
URMILA-PC,09:13:51,7.442258,7348.7495,218.85555,4.4407931E9,5.0763776E9,5888445200
DESKTOP-Q00J1OI,09:13:57,29.027084,1746.3115,0.199693,5.30870272E8,7.5191173E9,5887511800
mahananda,09:13:53,6.754155,5108.0117,75.977066,1.29282048E9,4.4098642E9,5887467400
mahananda,09:14:03,6.051047,5364.7695,142.1515,1.28191693E9,4.4157583E9,7594720300
DESKTOP-Q00J1OI,09:14:07,40.37697,8251.292,142.23265,4.71568384E8,7.5579924E9,7716758900
mahananda,09:14:03,6.051047,5364.7695,142.1515,1.28191693E9,4.4157583E9,144140087700
mahananda,09:14:03,6.051047,5364.7695,142.1515,1.28191693E9,4.4157583E9,41426621800
URMILA-PC,09:14:11,21.361116,7112.9946,1362.4243,4.4115067E9,5.075542E9,20438459600
URMILA-PC,09:14:21,32.851624,12856.54,1131.3435,4.3749949E9,5.1182961E9,12498416100
DESKTOP-Q00J1OI,09:14:17,40.846615,2607.8643,2.789373,4.552704E8,7.5694531E9,4689704800
DESKTOP-Q00J1OI,09:14:27,40.68198,10701.104,284.35297,3.94706944E8,7.6431974E9,2704759400
mahananda,09:14:23,14.019258,5038.962,62.317905,1.30628813E9,4.4019098E9,10062777300
URMILA-PC,09:14:31,10.591425,5990.613,634.0838,4.3841208E9,5.1076833E9,10062768300
mahananda,09:14:23,14.019258,5038.962,62.317905,1.30628813E9,4.4019098E9,2985845300
URMILA-PC,09:14:31,10.591425,5990.613,634.0838,4.3841208E9,5.1076833E9,2940033600
DESKTOP-Q00J1OI,09:14:37,29.543488,4667.5986,28.503506,4.0071168E8,7.6255478E9,2930746800
URMILA-PC,09:14:41,17.436205,17900.78,1012.95374,4.4005908E9,5.1012977E9,1461857800
mahananda,09:14:33,3.236503,1364.5223,39.522446,1.33356339E9,4.3698381E9,4773408000
URMILA-PC,09:14:51,18.535267,13633.619,1149.9413,4.403925E9,5.0891284E9,6454872300
mahananda,09:14:43,14.089129,4424.078,1172.19,1.65086413E9,4.03973325E9,6455102700
DESKTOP-Q00J1OI,09:14:47,32.68594,5632.553,154.36852,3.88452352E8,7.645397E9,6455337500
